Time (s),X (g),Y (g),Z (g)
0.000000000,-0.00324667,0.003893882,0.006104759
0.019815922,-0.004315514,0.002446063,0.001792875
0.039631844,-0.0002170256,0.002354749,0.008522601
0.059446812,-0.000862316,-0.0004233689,-0.0005757072
0.079262733,-0.00185169,0.003852549,0.001796445
0.099077702,-0.001468386,-0.0003441372,0.005652183
0.118893623,-0.0008845417,0.002263613,0.01379287
0.138709545,-0.004817093,0.003613343,0.00562028
0.158524513,-0.002207832,0.0004824457,0.008042648
0.178340435,0.002174136,0.004058795,0.005168707
0.200633049,-0.0001026596,-0.00271206,0.00663008
0.220448494,0.001429613,0.0003587684,0.005182979
0.240263939,-0.006367999,-0.0007004704,0.008511608
0.260079384,-0.0008039312,-0.001892538,0.007582084
0.279894829,-0.002760806,0.004071537,0.002271009
0.299710751,-0.002131332,0.003739782,0.002274761
0.319526196,-0.001268933,-0.0005488707,0.008532039
0.339341641,-0.002072009,0.0003850539,0.006127647
0.359157086,0.000373594,-0.0009412114,0.007582705
0.378972530,-0.007172299,0.0001297151,0.007065927
0.398788452,-0.001289556,0.0005806283,0.01044491
0.418603897,0.0007206902,0.003804513,0.008999619
0.438419342,-0.0003791861,0.00080077,-9.98586E-05
0.460711479,-0.001771827,0.00333266,0.007552437
0.480527401,5.53542E-05,-0.002069455,0.004710254
0.500343323,-0.003335057,-0.001041547,0.004691492
0.520158291,0.00158454,0.001057583,0.009975757
0.539974213,-0.0006962586,0.001869774,0.002770627
0.559790135,-0.002121121,0.001418352,0.005164059
0.579605103,-0.0008867476,0.00226251,0.01091798
0.599421024,0.001672918,-0.001015785,0.005192414
0.619235993,-0.005893087,0.004730494,0.01088353
0.639051914,-0.005310296,0.001249812,0.001794118
0.658867836,-0.001666388,-0.003609627,0.009984541
0.678682804,0.0005189557,0.002149044,0.005651574
0.698498726,0.001753731,0.004648758,0.003247633
0.718314648,-0.002755021,-0.001941972,0.011889
0.740606785,-0.004879164,0.002941832,0.006581887
0.760422230,-0.002279738,0.002735886,0.007074384
0.780238152,0.0004966921,0.0005460083,0.008055569
0.800053597,-0.003200877,0.002454038,0.007550602
0.819869042,-0.001975587,0.0003170243,0.00804589
0.839684963,-0.002612284,-0.002407558,0.004221436
0.859500408,-0.002620605,-0.002345002,0.0018244
0.879315853,-3.922272E-05,0.003653602,0.003724704
0.899131298,-0.0009991563,-0.002750173,0.0104642
0.918947220,-0.002698043,-0.002257006,0.003262276
0.938762665,0.001114741,0.001616124,0.003261309
0.958578110,0.002300154,0.002563269,0.005180477
0.978394032,-0.0005226213,0.0001533867,0.002782142
1.000686646,-0.002708911,0.0004709136,0.01044114
1.020501614,-0.001032907,0.001586397,-0.0005828548
1.040317535,0.0002890558,0.000496985,0.009017514
1.060133457,-0.002040258,0.002860542,0.005158772
1.079948425,-0.001151877,0.001641354,0.006608338
1.099764347,-0.005808393,0.0001330933,0.01138714
1.119580269,0.003569819,0.002728788,0.005188282
1.139395237,-0.0001955285,0.001475257,0.01236743
1.159211159,-0.001316039,0.001652236,0.005649292
1.179027081,-0.001665843,0.002610686,0.00803955
1.198842049,-0.001573764,-0.002441957,0.01094361
1.218657970,0.001178237,0.004638423,0.00900329
1.238473415,-0.006536971,7.805318E-05,0.01042516
1.258289337,-0.002863648,-0.0001807992,0.004693065
1.280581951,-0.0009054294,3.045842E-06,0.006141158
1.300396919,-0.001861257,-0.000287505,0.003261177
1.320212841,-0.002055121,0.0002215024,0.009011013
1.340028763,-0.002278537,-0.002330411,0.003750399
1.359843731,0.0006012299,0.002747222,0.009012608
1.379659653,-4.179414E-05,0.004635434,0.003245634
1.399475575,-0.001508752,0.00113564,0.005175233
1.419291020,-0.003239004,-0.00142289,0.006138641
1.439106464,0.0005555325,-0.002150023,-0.008217764
1.458922386,-0.0003210276,0.003711484,-0.02311847
1.478737831,0.0006735216,0.003499384,0.01668118
1.498553276,-0.004598443,0.0007628808,0.006119155
1.518369198,-0.00358049,-0.0008832023,0.005176202
1.540661335,0.0005386119,0.002052989,0.005183463
1.560477257,-0.001042064,0.0005511141,0.0066218
1.580293179,-0.004605436,0.001975009,0.009948509
1.600108147,-0.0001782499,0.002410294,0.005657483
1.619924069,-0.004806686,0.00396584,0.001306039
1.639739990,-0.003482946,0.001383578,0.00804129
1.659555435,-0.003956192,0.001238493,0.005162496
1.679370880,2.076224E-05,0.004639057,0.004208044
1.699186802,-0.005097264,0.003007184,0.006584187
1.719002247,-0.004061989,0.00130365,0.007079658
1.738817692,6.903036E-05,0.001146494,0.002791472
1.758633137,-0.002412605,-0.0006480383,0.0003902472
1.778449059,-0.004332364,0.0002682788,0.00900272
1.798264981,-0.00173514,0.001600554,0.007572646
1.820557594,-0.001775987,-0.00144571,0.002317094
1.840372563,0.0004003007,0.007441585,0.005633919
1.860188484,-0.0004577266,0.0005285853,0.009026016
1.880004406,-0.004773934,0.001155256,0.00611771
1.899819851,-0.003428833,-0.001475475,0.006621678
1.919635296,-0.01021189,-0.001141882,0.008014232
1.939450741,-0.001587685,0.002222875,-0.0005793456
1.959266663,-0.007162815,-0.001153811,0.001321776
1.979082584,-0.006252237,0.002250917,0.007540314
1.998897552,-0.007030827,0.0015237,0.001307068
2.018713474,0.0003208141,0.0008452359,0.001359382
2.038529396,-0.006600556,0.003199947,0.0003410917
2.058345318,-0.004347408,0.002450136,0.008031324
2.080637455,0.0009837192,-0.0014212,0.008569832
2.100453377,-0.002280915,-0.002477161,0.005677854
2.120268345,-0.005505368,0.002621756,0.005625567
2.140084267,-0.001082832,0.001507077,0.005662105
2.159900188,-0.006312841,0.001854329,0.006583593
2.179716110,-0.0007795752,0.0005927347,0.001833991
2.199531078,-0.0001798965,0.004866642,0.01331861
2.219347000,-0.004071306,0.001061177,0.009000963
2.239162922,-0.003932952,0.0006147958,0.009004353
2.258978367,-0.004465661,-0.004117867,0.007112223
2.278793812,-0.005199105,0.00434755,0.00561738
2.298609734,-0.004887597,0.001880516,0.002758253
2.318425179,-0.0001243322,0.004484472,0.006610447
2.340717793,-0.001995949,0.002324966,0.002775422
2.360533714,-0.004161615,0.004163805,0.007064288
2.380349636,-0.004976277,-0.001230615,0.01140595
2.400164604,9.634309E-05,0.0004559166,0.006157299
2.419980526,-0.002052407,0.003864944,0.008998288
2.439795971,-0.001472494,-0.001069769,0.006155545
2.459611893,-0.004099917,-0.002403193,-8.666092E-05
2.479427338,-0.001497844,0.0005105304,0.008064177
2.499242783,-0.00781193,0.005628902,0.01278336
2.519058704,-0.002030316,0.001870496,0.008052095
2.538874626,-0.002638594,0.002207438,0.007087316
2.558689594,-0.003148902,-0.001028173,0.003747672
2.578505516,-0.002560918,0.003266923,0.002287659
2.598321438,-0.004567082,0.001580351,0.002762583
2.620614052,-0.004915128,0.0009944241,0.008037959
2.640429497,-0.004120626,0.001750113,0.003723699
2.660245419,-0.002165055,-0.001185276,0.001838304
2.680061340,-0.004148682,0.00482609,0.002746501
2.699876309,-0.005442222,-0.0006786687,0.005167706
2.719692230,-0.006365272,0.003655212,0.008011463
2.739508152,-0.005777593,0.001818244,0.01186264
2.759324074,-0.004481875,0.007318458,0.004646582
2.779139519,-0.00637751,0.0005755062,0.006592146
2.798954964,-0.007147257,-0.0001659673,0.007550118
2.818770409,-0.002350167,0.00241377,0.003733177
2.838586331,-0.003319724,-0.0009308354,0.002788421
2.858402252,-0.005313081,0.0004764739,0.006600854
2.880694866,-0.00512607,0.003116542,0.002270917
2.900510311,-0.004360578,0.006944794,0.00848538
2.920326233,-0.001194824,0.003395889,0.006133391
2.940141678,-0.0004245188,0.008761243,0.01090016
2.959957123,-0.003704311,1.268284E-05,0.003259567
2.979773045,-0.002623619,-0.0001095102,0.0008711365
2.999588966,-0.004613173,0.004355832,0.008019941
3.019404888,-0.002805058,-0.001173906,0.006629612
3.039219856,-0.005268448,0.003179141,0.003708238
3.059035778,-0.001568488,0.002860937,0.004696368
3.078851700,-0.001726649,-0.00124593,0.004241914
3.098667145,-0.005408712,0.002167263,0.006111055
3.118483067,-0.005469962,-0.002430472,0.004222351
3.138298988,-0.005453974,0.002208834,0.007549043
3.160591126,-0.006839072,0.003303604,0.005613837
3.180407047,-0.00514658,0.001265543,0.004200697
3.200222492,-0.005132352,0.00279087,0.006588269
3.220037937,-0.007410079,0.005089239,0.007995481
3.239853859,-0.006329003,0.003383415,0.004178824
3.259669781,-0.002963187,0.003975401,0.004679248
3.279485703,-0.003456945,-0.0007981786,0.003267257
3.299301148,-0.001405932,0.002433093,0.001344159
3.319116592,-0.006059316,0.0009560208,0.009949575
3.338932514,-0.002957245,0.002494832,0.007565365
3.358747959,-0.003749056,0.001707927,0.008043817
3.378563881,-0.009422122,0.004989621,0.01085761
3.398379803,-0.005287825,0.0001901674,0.006124139
3.420672417,-0.003789383,0.001737726,0.003728735
3.440487862,-0.004547273,0.002501696,0.01234811
3.460303784,-0.00529586,0.003261563,0.005146279
3.480119705,-0.006224394,0.004459704,0.01040529
3.499934673,-0.002980359,0.005494438,0.006107564
3.519750595,-0.006390786,0.0003212302,0.002759141
3.539566517,-0.004847036,0.001867068,0.004678869
3.559382439,-0.004519447,0.004009705,0.005626311
3.579197884,-0.003632159,0.001203881,0.00756876
3.599013806,-0.002723298,-0.001565545,0.006154083
3.618828774,8.708175E-05,0.005474843,0.004692361
3.638644695,-0.008565442,0.002132175,0.00656726
3.658460617,-0.007068777,0.0005512966,0.01042299
3.678276539,-0.002112314,0.001142143,-9.093159E-05
3.700568676,-0.006868289,0.003199092,0.01040836
3.720384598,-0.001059196,-0.005143838,0.003791837
3.740200520,-0.002537143,0.001015696,-9.314056E-05
3.760016442,-0.007157576,0.002568164,0.004656665
3.779832363,-0.003024261,0.0008386525,0.007575002
3.799647331,-0.00640992,0.0002675434,0.002759429
3.819463253,-0.003823124,-0.002936757,-0.0005572994
3.839278698,-0.001818612,0.00488698,0.009476415
3.859094620,-0.005250964,-0.001879227,0.009014267
3.878910542,-0.003827724,0.003177493,0.004198672
3.898726464,-0.003402136,0.0017831,0.005648821
3.918542385,-0.007083052,0.003657729,0.001294709
3.938357830,-0.004832047,-0.0001937114,0.005171212
3.960650444,-0.00422009,0.002555494,0.005158785
3.980466366,-0.004046935,0.003620325,0.006112184
4.000282288,-0.002246082,0.004215722,0.008519441
4.020097256,-0.006460178,-0.001765755,0.005168921
4.039913177,-0.005234458,-0.0008393418,0.005172564
4.059728622,-0.004160936,0.0005374889,0.01284289
4.079544544,-0.00784488,-0.0006178535,0.009466438
4.099360466,-0.002883253,0.006067832,0.008503101
4.119176388,-0.005377379,-0.001880823,0.005657465
4.138991833,-0.001985417,0.004864591,0.008037687
4.158807755,-0.00721143,0.003665454,0.002252738
4.178623200,-0.003669701,0.002222332,0.003726918
4.198438644,-0.007859785,-0.0006722166,0.0051513
4.220731735,-0.007899249,-0.002237846,0.001804462
4.240547657,-0.002825077,0.0009774379,0.004220926
4.260363102,-0.007895417,0.002397428,0.002255224
4.280178547,-0.008386074,0.002214091,0.004649679
4.299994469,-0.005816012,0.0005228838,0.01235116
4.319810391,-0.004706019,-0.001173893,0.003740403
4.339626312,-0.005469583,-0.000389515,0.0051682
4.359441757,-0.003462424,-0.0002543252,0.004702976
4.379257679,-0.0003885538,0.004337085,0.003259979
4.399073601,-0.003370008,0.0008164756,0.003738479
4.418889523,-0.00655324,0.004346117,0.001294204
4.438704491,-0.001203833,0.003551766,0.007573519
4.458520413,-0.005982971,0.002512899,0.009940219
4.478336334,-0.001047191,0.00616429,0.005161285
4.500629425,-0.003752962,-0.001334497,0.006625472
4.520444393,-0.005455821,0.0006759244,0.005161413
4.540260315,-0.003630243,-0.001780498,0.006149938
4.560076237,-0.003773882,0.00173748,0.01140072
4.579891682,-0.006060909,0.0009881493,0.007552287
4.599707604,-0.002518238,-0.0004290082,0.007588587
4.619523525,-0.006666269,-0.000244166,0.004198708
4.639339447,-0.005760788,5.359262E-05,0.0118752
4.659154892,-0.002066181,-0.0002505359,0.009988504
4.678970814,-0.0002073788,0.00495591,0.005655237
4.698786736,-0.006707067,-0.0002048233,0.008033847
4.718602657,-0.007133157,0.001178079,0.003707231
4.738417626,-0.002832692,0.000525144,0.005183313
4.760710716,-0.003014432,-0.0005462464,0.005668002
4.780526638,-0.005908225,0.003652976,0.003221907
4.800342560,-0.008212619,0.004426202,0.006555006
4.820158482,-0.00580734,-0.00295598,0.008058646
4.839973450,-0.004853038,0.0004312182,0.006606435
4.859789372,-0.005172766,-0.0002127654,0.009484162
4.879604817,-0.004407779,-0.0009799023,0.006139507
4.899420738,-0.004436365,-0.002492826,0.005190274
4.919236660,-0.005601904,0.005824074,0.007525737
4.939052582,-0.004969825,0.0008901515,0.005164509
4.958868504,-0.00111487,0.001630095,0.005669139
4.978683949,-0.008838479,-0.001402229,0.004669116
4.998499870,-0.002819014,0.003614932,0.004684412
5.018315792,-0.006683622,0.002854914,0.003220803
5.040607929,-0.005929881,0.003604512,0.009454736
5.060423851,-0.005480716,0.0006645607,0.005161532
5.080239773,-0.007629529,0.001008212,0.004183798
5.100055695,-0.009787848,0.001337635,0.009918023
5.119871616,-0.005908859,0.0005382989,0.006117828
5.139687061,-0.0006665827,0.003275509,0.004224311
5.159502983,-0.006705877,-0.0002189144,0.008034077
5.179318905,-0.002719265,0.001591759,0.009971944
5.199134827,-0.004131672,-0.001950891,0.00374994
5.218950272,-0.003059951,0.0024963,0.006127856
5.238766193,-0.005860351,-0.001465,0.005651459
5.258581638,-0.001389585,0.0004719273,0.007592089
5.278397083,-0.005706574,-0.0004206242,0.006604972
5.300690174,-0.006021782,0.003569637,0.009453905
5.320506096,-0.004472615,0.0020049,0.01139377
5.340322018,-0.008609362,0.002186328,0.002729787
5.360137940,-0.007253283,-0.0004348821,0.005154378
5.379953384,-0.005886568,0.001566863,0.008029016
5.399769306,-0.00322835,0.002963702,0.0003709946
5.419584751,-0.01095168,0.001547692,0.004633662
5.439400196,-0.004352161,0.003167109,0.004675876
5.459216118,-0.004683072,0.004087871,0.008023587
5.479032040,-0.007752663,0.002565863,0.005132079
5.498847962,-0.006228489,-0.002066983,-0.001059399
5.518663406,-0.006715898,0.0008463496,-0.0001232193
5.538479328,-0.008610958,0.00177197,0.004650124
5.558295250,-0.004451374,0.003112929,0.007072583
5.580588341,-0.004748006,0.002518218,0.004197754
5.600404263,-0.0070328,0.003306084,0.006092023
5.620219231,-0.009509846,0.001451677,0.008480788
5.640035153,-0.007460165,0.003110835,0.002253809
5.659851074,-0.004389782,0.0015618,0.003726549
5.679666996,-0.007318969,0.002657309,0.006573096
5.699482441,-0.009019055,9.719105E-05,0.008493537
5.719298363,-0.004661004,0.0009851709,0.0008517184
5.739114285,-0.005910472,0.004670972,0.009928002
5.758930206,-0.004548827,0.002022618,0.006599159
5.778745651,-0.006667098,0.0008601739,0.003712907
5.798561573,-0.00821175,0.002437296,0.00512932
5.818377495,-0.006333943,0.001466164,0.004670725
5.840670586,-0.008908618,0.00318881,0.002721898
5.860486508,-0.01014079,0.0007529694,0.005603994
5.880301953,-0.005814911,-0.001413506,0.003734125
5.900117874,-0.002716468,0.003168924,0.006126836
5.919933796,-0.009341275,-9.229454E-06,0.00753311
5.939748764,-0.0004458673,-0.002198647,0.008096073
5.959564686,-0.00335524,0.003495984,0.005161124
5.979380608,-0.008338615,-0.001722346,0.007551231
5.999196529,-0.005167459,0.005954038,0.00417224
6.019011974,-0.005830408,0.0001093439,0.008039074
6.038827896,0.0003239845,-0.001458622,0.006179692
6.058643818,-0.009013257,0.003680704,0.004156394
6.078459740,-0.006876476,0.001837471,0.00418488
6.098275661,-0.008893235,0.003220595,0.007516177
6.120568752,-0.008433532,0.0002938913,0.008976634
6.140384197,-0.005044199,0.000868804,0.007081388
6.160200119,-0.005524457,-0.0008219033,0.008527066
6.180016041,-0.004407955,0.002101435,0.00180509
6.199831963,-0.005363619,-0.004332301,0.003756039
6.219647408,-0.005944523,0.002167468,0.003231364
6.239463329,-0.004410754,0.0005850447,0.007568292
6.259279251,-0.003472574,0.002447026,0.008043209
6.279095173,-0.003004208,0.001076155,0.004699664
6.298911095,0.001463663,0.006101402,0.007099959
6.318726540,-0.0008838386,0.002278456,0.003750117
6.338542461,-0.006722448,0.001406224,0.004188922
6.358358383,-0.0004353778,0.002424228,0.008067157
6.380650997,-0.003972716,0.000778875,0.005652875
6.400466442,-0.006428057,-0.001040579,0.006124642
6.420282364,-0.008754774,-0.000239126,0.006580817
6.440098286,-0.006143659,0.002676537,0.008979755
6.459914208,-0.007966197,0.003637425,0.008480188
6.479729653,-0.006426764,0.003647781,0.002739049
6.499545574,-0.00675857,0.001495769,0.003709123
6.519361496,-0.008636267,0.0008973675,0.01280701
6.539177418,-0.006869211,0.00504555,0.007041353
6.558992863,-0.00119575,0.0002614011,0.009034831
6.578808785,-0.005184751,-3.667167E-05,0.00516981
6.598624706,0.00144454,5.124076E-05,0.004741603
6.618440628,-0.002748825,-0.002866517,0.007124431
6.640733719,-0.003959413,0.003914973,0.009468773
6.660549641,-0.003318259,0.005133426,0.009465717
6.680365086,-0.01051174,0.00684956,0.004124626
6.700181008,-0.001898962,0.004012971,0.003251029
6.719996929,-0.007923969,-0.00102954,0.005632851
6.739812851,-0.002529244,0.002775273,0.007089566
6.759628296,-0.01208846,-0.0008576593,0.007037315
6.779444218,-0.004865292,-0.002636325,0.007584903
6.799260140,-0.00715672,-0.0003174872,0.004196149
6.819076061,-0.002401403,-0.0008119787,0.005195606
6.838891983,-0.007277161,-0.001408652,-0.003948409
6.858707428,-0.002213849,0.004873135,0.007558196
6.878523350,-0.006114864,-0.002001831,0.01380376
6.898339272,-0.007486932,-0.002439646,0.00372773
6.920632363,-0.003791215,0.0003404849,0.004698019
6.940448284,-0.008212022,0.002993484,-0.0001476657
6.960263729,-0.006703004,-0.0001159962,0.002760512
6.980079651,-0.004708038,3.124053E-05,0.006610759
6.999895573,-0.00179661,0.001996338,0.009977225
7.019711494,-0.004052724,0.002762951,0.001803988
7.039526939,-0.007020279,0.002319532,0.01328987
7.059342861,-0.001264881,0.003675548,0.005175602
7.079158783,-0.006366199,0.002002201,0.01329677
7.098974705,-0.006481985,0.0009687861,0.004672983
7.118790627,-0.006456112,0.002514798,0.007060482
7.138606072,-0.001831157,0.0009343252,0.001832704
7.158421993,-0.006630452,0.004475559,0.01279972
7.180715084,-0.001951882,-0.0001687194,0.0004000395
7.200531006,-0.002599743,0.00319751,0.009482977
7.220346928,-0.003050851,0.003042464,0.005644943
7.240162373,-0.003974952,0.002689762,0.01043416
7.259978294,-0.002887183,0.0009935371,0.00374108
7.279794216,-0.005635858,0.003125626,0.008021248
7.299610138,-0.003330115,-0.002274345,0.004716625
7.319426060,-0.005791545,0.003545819,0.008016991
7.339241505,-0.006573896,-0.0002905024,0.007555712
7.359057427,-0.002502909,0.004566632,0.00468013
7.378873348,-0.005594768,0.003041241,0.009459971
7.398689270,-0.006516926,0.004232577,0.00369207
7.418504715,-0.003810868,-0.001050432,0.01237511
7.438320637,-0.005034215,0.001094504,0.009475918
7.460613728,-0.001297043,-0.0007592653,0.007598058
7.480429649,-0.006363328,-0.0009000006,0.006121572
7.500245571,-0.005741964,0.0002921015,0.008036685
7.520061493,-0.004661067,0.0001111037,0.01188125
7.539876938,-0.001262341,0.002228705,0.007579711
7.559692860,-0.003783623,0.0003493075,0.01668045
7.579508782,-0.005309453,-0.001173176,0.00421256
7.599324703,-0.003328512,0.0005185378,0.009491583
7.619140148,-0.006093794,-0.00191567,0.005649566
7.638956070,-0.002959493,0.002684778,0.005645947
7.658771992,-0.0006285445,0.003465073,0.002303581
7.678587914,-0.003290977,-0.002478227,0.01094879
7.698404312,-0.005583046,0.001365631,0.0104285
7.720696926,-0.004932883,0.002586569,0.004672993
7.740512371,-0.009062617,0.002763828,0.001763811
7.760328293,-0.002026309,0.004563731,0.007560125
7.780144215,-0.002676503,0.003332863,0.009959509
7.799960137,-0.00526518,0.005026506,0.006093922
7.819775582,-0.00542534,0.0008771245,0.005638336
7.839592457,-0.00911829,-0.0003207544,0.01089089
7.859407902,-0.005583814,-0.0001881498,0.006122604
7.879223824,-0.004038326,-0.0002032096,0.005655081
7.899039746,-0.007894704,-0.000955864,0.008506604
7.918855667,0.0005654405,0.004356126,0.008060676
7.938671112,-0.0001795998,0.0005207655,0.002324009
7.958487034,-0.001385777,0.005736774,0.008516395
7.978302956,-2.413299E-05,-0.001485729,0.004734556
8.000596046,-0.006641024,-7.913108E-05,0.008510868
8.020411968,-0.003347479,0.0009785719,0.002776296
8.040227890,-0.003182949,0.005094168,0.006109335
8.060043335,-0.001713203,-0.001036435,0.01238955
8.079859257,-0.003474764,0.002969875,0.003242747
8.099675179,-0.002127627,0.0003187002,0.007103938
8.119491100,-0.002267434,-0.000760257,0.008068293
8.139306545,-0.00716603,-0.001361411,0.003719448
8.159122467,-0.003157278,0.003532841,0.005638704
8.178938866,-0.004064762,0.004770435,0.005624621
8.198754787,-0.005504627,-0.0003013023,0.007082201
8.218570709,-0.0008777576,0.002757984,0.01045514
8.238386631,0.0003403743,0.002093497,0.009030113
8.260678768,-0.003187284,0.002003717,0.006127493
8.280495167,-0.00274351,0.002156305,0.008526799
8.300311089,-0.00335816,0.0009313617,0.006132378
8.320127010,-0.005658788,0.0002156776,0.01091377
8.339942932,-0.01038248,0.0007239241,0.003683301
8.359758854,0.0003998974,0.005260455,0.00757322
8.379574299,-0.00382447,-0.000730273,0.01476867
8.399390221,-0.005946345,-0.0004311723,0.004682588
8.419206143,-0.003784268,0.002314116,0.005162271
8.439022064,-0.003613854,0.003337397,0.003239503
8.458837509,-0.005438476,0.004260758,0.002740655
8.478654385,0.001159848,0.001263609,0.009519823
8.498469830,-0.0009688291,0.001591539,0.004227828
8.518285751,-0.004509611,-7.985707E-05,0.007566858
8.540578365,-0.004631278,0.0004054095,0.0003721447
8.560394764,-0.00370066,0.003810436,0.007071338
8.580210686,-0.003215011,0.003951412,0.006594324
8.600026131,-0.0007618749,-0.001936609,0.002331764
8.619842053,-0.003236406,-0.003751002,0.008076997
8.639657974,-0.002396375,0.004717746,0.008033828
8.659473896,-0.004888383,-0.0002251594,0.006606243
8.679289818,-0.002901656,-0.0001144441,0.007579031
8.699105263,-0.002713309,0.0009650607,0.003738314
8.718921185,-0.007148869,0.002050557,0.006575744
8.738737583,-0.007281797,0.004065646,0.009439974
8.758553505,-0.0008205115,0.00310093,0.00326071
8.778369427,-0.0002435342,0.001207203,0.009028955
8.800661564,-0.00393166,0.001565104,0.006123161
8.820478440,-0.005196282,-0.0008772319,0.01044246
8.840293884,-0.0007185716,0.002606389,0.01093519
8.860109806,-0.003484485,0.001717015,0.007564086
8.879925728,0.001916149,0.002427908,0.006640889
8.899741650,-0.004875316,-0.003332991,0.007582414
8.919557095,-0.001928516,-0.00289616,0.00376633
8.939373017,0.001054951,0.005219412,0.00134442
8.959188938,-0.00310818,0.005358466,0.008504145
8.979005337,-0.005879995,0.001388486,0.00562998
8.998821259,-0.004174814,0.003985534,0.004668809
9.018637180,-0.006651251,0.0005848948,0.008505322
9.038452625,-0.003854843,-5.432014E-05,0.004693568
9.058268547,-0.005403548,0.001457363,0.01042709
9.080561638,-0.002971018,0.0002101537,0.005657383
9.100377560,-0.005543659,0.005010001,0.003214268
9.120193481,-0.004365751,-0.0002070439,0.01044429
9.140009403,-0.005870269,0.002891516,0.005621109
9.159824848,-0.003870204,-0.001585565,0.002784982
9.179641724,-0.001382545,0.003326777,0.005172321
9.199457169,-0.001520615,0.003752402,0.006127588
9.219273090,-0.002908534,0.001723652,0.007087606
9.239089012,-0.005470156,0.006505024,0.004644857
9.258904934,-0.002877243,-0.001394607,0.006625367
9.278720379,0.0004059078,0.004274033,0.0008646306
9.298536301,-0.005304104,-0.001684735,0.004691517
9.318352699,-0.003876976,0.004936349,0.004185845
9.340645313,-0.003771919,-0.0001729009,0.009488609
9.360461235,-0.009129622,0.002156106,0.007039687
9.380277634,-0.009129453,0.0005976701,0.006089041
9.400093556,-0.005086154,0.005474464,0.002256109
9.419909000,-0.001085783,0.001111402,0.005664319
9.439724922,-0.004719558,0.004500599,0.004660787
9.459540844,-0.002881578,0.0005172822,0.008531416
9.479356766,-0.003472653,-0.002224988,0.003748063
9.499172688,-0.007758513,0.001485982,0.002259097
9.518989086,0.0005024339,-0.001920293,0.01048638
9.538804531,-0.004373486,0.0005784641,0.007082239
9.558620453,-0.003002276,0.001015291,0.01284271
9.578436375,-0.005907245,-0.0009658926,0.005162206
9.598252297,-0.001902882,-0.0006866427,0.0008740703
9.620545387,-0.0002291493,0.001873948,0.008542369
9.640361309,-0.005144343,0.00283817,0.008023113
9.660176754,-0.002981069,0.004018476,0.008511352
9.679993630,0.0001066508,0.003983405,0.004218517
9.699809075,-0.008204252,-0.0002643716,0.002265077
9.719624996,-0.006061363,0.0009663395,0.009464586
9.739440918,-0.00466672,-9.516394E-05,0.006604174
9.759256840,-0.004331989,0.005168712,0.007536703
9.779072285,-0.005870428,0.0005565208,0.007550821
9.798889160,-0.001706737,0.001870869,0.00757284
9.818704605,-0.005102914,-0.0002469966,0.01331394
9.838520527,-0.00340254,-0.0007059363,0.006616155
9.858336449,-0.002780904,0.0004870641,0.003737472
9.880629540,-0.004487408,-0.0005858073,0.006607873
9.900445461,-0.003691621,0.001676827,0.00564211
9.920260906,-0.004303461,0.003543821,0.006107175
9.940076828,-0.003644303,0.003270003,0.0089899
9.959893227,-0.005138773,-0.002884257,0.00517734
9.979709148,-0.002960342,0.004472131,0.005152358
9.999525070,-0.001462522,-0.0001450558,0.005667287
10.019340992,-0.004419888,0.000915653,0.008037962
10.039156914,-0.001142956,0.00351818,-0.002021176
10.058972359,0.003143976,0.007441379,0.00997321
10.078788757,-0.002554092,-0.001599878,0.0061466
10.098604679,-0.003299011,-0.0008410136,0.004219573
10.118420601,-0.004516664,0.001301005,0.001802138
10.138236523,0.0006812112,-0.003683269,0.001864559
10.160529614,-0.006394742,0.002232004,0.01041412
10.180345535,-0.004055446,0.001414732,0.003242805
10.200160980,-0.001277554,0.002286885,0.007093019
10.219977856,-0.0002264355,0.0005637577,0.007588782
10.239793301,-0.001182678,-0.002805606,0.01239418
10.259609222,-0.003439073,-0.001993589,0.001347367
10.279425144,-0.003016529,-0.001837307,0.004705793
10.299241066,-6.859896E-05,-0.001387693,0.006161917
10.319057465,-0.003756542,0.0004998603,0.009482586
10.338873386,-0.00667183,5.301955E-05,0.006588259
10.358688831,-0.002834704,-0.0007292303,0.005180798
10.378504753,-0.005572183,0.00450556,0.006092955
10.398320675,-0.004010716,0.001407897,0.005160967
10.420613766,-0.007963086,0.00418391,0.005119123
10.440429688,-0.001204251,0.0007859025,0.003265641
10.460245133,-0.006412976,0.001127609,0.00514615
10.480062008,-0.0001123292,-0.000873414,0.005679103
10.499877453,-0.009278396,0.0037902,0.001277079
10.519693375,-0.00376396,0.0009751415,0.008520891
10.539509297,-0.003435904,0.001597451,0.004684332
10.559325695,-0.002340495,0.001424064,0.007089201
10.579141617,-0.002658998,-0.0007774245,0.006619465
10.598957539,-0.005878299,0.001200026,0.01186088
10.618772984,-0.0002023688,-0.002073349,0.006162969
10.638588905,-0.00142993,-0.001460777,0.007110218
10.658405304,-0.00509067,0.001934973,0.003232169
10.678221226,-0.00465632,-0.002528579,0.001820286
10.700514317,-0.002798889,0.001106353,0.008525911
10.720330239,-0.002466181,0.00327366,0.005161033
10.740146160,-0.002295505,0.00282771,0.0003700215
10.759961605,-0.005365769,0.002827227,0.004663898
10.779777527,-0.001092098,-0.002460565,0.009513707
10.799593926,0.001083752,0.00184744,0.008068313
10.819409847,-0.005082894,0.0003561385,0.007075915
10.839225769,-0.003320518,0.00450127,0.006107206
10.859041691,-0.001205858,-0.000421947,0.007585198
10.878858090,-0.000301332,-0.003195645,0.005687919
10.898674011,-0.003184163,0.007081853,0.01136886
10.918489456,4.521476E-05,0.005083384,0.005647528
10.938305378,-0.003202416,0.002478332,0.004680459
10.960598469,-0.001977235,0.003401237,0.012834
10.980414391,-0.000900469,-0.001359991,0.002318351
11.000230789,-0.002742555,-0.001940053,0.004226708
11.020046711,-0.001045861,-0.0008612775,0.01478024
11.039862633,-0.00222509,0.004382355,0.001321028
11.059678555,-0.002069115,0.002383868,0.007565029
11.079493999,-0.002874512,7.792992E-05,0.01044822
11.099310398,0.001268876,-0.00163978,0.008087114
11.119126320,-0.005634798,0.002255904,0.008980426
11.138942242,-0.001449604,0.0005823355,0.002784176
11.158758163,-0.001764806,0.001505989,0.006133374
11.178574562,0.00235359,0.001317044,0.008079432
11.198390484,-0.004093407,-0.002307527,0.006617265
11.218205929,-0.00575964,-0.003384961,0.004214477
11.240499497,0.001346361,0.001476417,0.004236269
11.260314941,-0.002313259,0.0002923177,0.008532735
11.280130863,-0.006746609,0.001378593,0.01185384
11.299947262,0.001557206,-0.0005489374,0.009521034
11.319763184,0.0009430189,-0.0002297621,0.003282881
11.339579105,-0.002573469,-0.001867037,0.002788959
11.359395027,-0.001015369,0.001227944,0.005659328
11.379211426,-0.005330038,0.00336411,0.01089372
11.399026871,-0.001161083,0.003166537,0.004689593
11.418842793,-0.001025022,-0.003428914,0.007601302
11.438658714,0.003823451,0.006850591,0.003263996
11.458475113,-0.002208888,-0.002781627,-8.045421E-05
11.478291035,-0.004644743,0.003062828,0.002749777
11.500584126,-0.0003046765,0.002421173,0.002780965
11.520400047,-0.001249554,0.002105152,0.00757089
11.540215969,-0.0003454537,-0.0006514534,0.006632031
11.560032368,-0.002024251,0.005946255,0.01090146
11.579847813,0.0005834096,0.001180979,0.0008757066
11.599663735,-0.001590463,0.003007184,0.004208124
11.619479656,-0.006384814,0.0004012412,0.01377913
11.639296055,-0.0006578249,0.00177794,0.003740668
11.659111977,-0.003381298,0.003941754,0.01138272
11.678927899,-0.003110828,-7.231688E-05,0.009487431
11.698743344,-0.005380488,0.002249554,0.003708027
11.718560219,-1.635464E-05,-0.0001085645,0.004713409
11.738375664,-0.002314148,0.0006720526,0.007091354
11.760668755,-0.004341374,-0.002542398,0.009012918
11.780484677,-0.005690822,-0.003005365,0.001815344
11.800300598,-0.00561072,0.004665421,0.0003379066
11.820116997,0.00174584,0.003984132,0.005661485
11.839932919,-0.001669409,-0.001229317,0.005666434
11.859748841,-0.004278135,-0.001085846,0.004210779
11.879564762,-0.003954271,0.001026288,0.006599365
11.899381161,-0.006843486,0.0005788406,0.006583258
11.919196606,9.128369E-05,0.002839467,0.006615725
11.939012528,-0.001007677,0.001467777,0.00901244
11.958828449,-0.005296034,0.002111449,0.008502642
11.978644848,-0.007089966,0.00462986,0.005122685
11.998460770,-0.00571189,0.003580503,0.006575094
12.018276691,-0.002803456,0.002495275,-0.0001127029
12.040569782,-0.003291098,0.0008076938,0.004687287
12.060386181,-0.004816383,0.0008372627,0.0008420896
12.080202103,0.0005350126,-0.001511015,0.005202861
12.100017548,-9.330105E-05,-0.002722171,0.002328572
12.119833469,-8.717439E-05,-0.002736245,0.007602479
12.139649868,-0.002377782,-0.001965146,0.005666069
12.159465790,-0.003421585,0.001268045,0.006122316
12.179281712,-0.001446501,-0.001661819,0.006149426
12.199098110,-0.0006194108,0.002164732,0.005655134
12.218914032,-0.002929677,0.002950091,0.005636708
12.238729954,-0.001557383,0.001849277,0.006610248
12.258545399,-0.002490417,-0.001536842,0.005662368
12.278362274,-0.001995238,0.003203386,0.0070799
12.300654411,-0.001548006,0.0003058745,0.002782688
12.320470810,0.0007808866,0.004115248,0.002777827
12.340286732,-0.004481706,0.001379201,0.01426504
12.360102654,-0.001517334,0.001836186,0.007569246
12.379919052,0.0003277681,0.003964885,0.008049227
12.399734974,-0.001222325,-0.0006481684,0.007103752
12.419550896,-0.001358758,-0.0001920231,0.007100787
12.439367294,-0.001349472,0.001369242,0.009490085
12.459183216,-0.0004178982,0.0001240932,0.006146007
12.478998661,0.0008097531,0.001021122,0.007587559
12.498815537,-0.002075322,0.002127196,0.006125298
12.518630982,-0.002533706,0.00198338,0.005644145
12.538446903,-0.002999937,0.0003008359,0.01380004
12.558262825,-0.002089734,0.0005846244,0.009009727
12.580555916,-0.001284229,0.001350395,0.006134342
12.600372315,-0.003703091,0.004099336,0.005626023
12.620188236,0.001647118,-0.001303414,0.003768494
12.640004158,-0.002818758,-0.001777982,0.01141396
12.659820557,-0.001992831,0.002045599,-0.000106899
12.679636479,-0.002967597,-0.004452491,0.009987679
12.699451924,-0.002042409,-0.002615009,0.002792459
12.719268322,0.001334605,0.001070043,0.00902773
12.739084244,-0.002965177,0.0001690874,0.001814617
12.758900166,-0.0005344032,0.001976009,0.009011712
12.778716088,-0.001611074,0.002130518,0.006127946
12.798532486,-0.001200876,-0.005377635,0.007606644
12.818348408,-0.003015243,0.001711927,0.004203662
12.840641499,-0.0004337457,-0.001540049,0.009030141
12.860457421,-0.002112736,0.002043066,0.003728265
12.880273819,3.403063E-06,-0.001367495,0.004717705
12.900089264,-0.003072,-0.001344313,0.009492773
12.919905186,-0.001339941,-0.0002744336,0.00326547
12.939721585,-0.002870749,-0.0002285658,0.003735362
12.959537506,-0.002740946,-0.0006867349,0.004697415
12.979353428,-0.003044418,-0.001337509,0.008534045
12.999169827,-0.003481349,9.14808E-05,0.008044751
13.018985748,-0.002104403,0.0005426178,0.008530554
13.038801670,-0.0002831887,-0.001957757,0.008554243
13.058618069,-0.002703421,0.0008699772,0.0008541647
13.078433990,-0.002838093,-0.0002560627,0.002776509
13.098249435,-0.001159746,-0.00229078,0.004714915
13.120542526,-0.0009988196,-0.002725455,0.0008822247
13.140358448,-0.006358222,0.002689046,0.008013556
13.160174847,-0.005269927,0.002481086,0.01089802
13.179990768,-0.002661716,-0.002271218,0.004705265
13.199807167,-0.0006598032,0.004007447,0.005165468
13.219623089,-0.001730758,-0.003520014,0.004716865
13.239439011,-0.001416329,0.0001690138,0.007577044
13.259255409,-0.005982,0.00481644,0.004170159
13.279071331,0.001692456,0.0001526654,0.005678014
13.298887253,-0.001543411,0.002188438,0.003251417
13.318703652,-0.004483117,0.0002077284,0.006120075
13.338519096,-0.001987445,0.002030601,0.00372861
13.358335018,-0.00241371,0.004943593,0.006588254
13.380628109,-0.002412283,0.003406163,0.006595914
13.400444985,-0.00549866,0.001872686,0.01137868
13.420260429,-0.005509431,-0.001175211,0.006600041
13.440076351,0.003572682,-0.0007639654,0.001858686
13.459892750,0.0002072396,0.0001722806,0.003271802
13.479708672,-0.002107475,0.0009312375,0.0061306
13.499524593,-0.001031011,-0.0007737649,0.006624973
13.519340992,-0.00193114,0.002001266,-0.000106246
13.539156914,-0.004848938,-0.003069701,0.009010278
13.558972359,-0.005885971,0.004776416,0.004170908
13.578789234,-0.0006583036,-0.0001583391,0.01045883
13.598604679,-0.0004814535,-0.000579948,0.0003945195
13.618420601,-0.001562412,0.002636554,0.007083705
13.638237000,-0.001723424,-0.001519726,0.00422714
13.660530090,-0.001858865,0.00202517,0.004687923
13.680346012,-0.003366462,0.0020038,0.004678574
13.700161934,-0.002894683,0.002184944,0.00707804
13.719978333,-0.003365538,0.002042955,0.01139085
13.739794254,0.0003295239,-0.001341098,0.01095001
13.759610653,0.0001762692,-0.003957754,0.007126893
13.779426575,-0.001064234,-0.001807772,0.005191122
13.799242497,-0.007195278,-0.001789011,0.006113227
13.819058895,-0.002709764,0.003295274,0.00611465
13.838874817,-0.0037923,0.0003283193,0.005643473
13.858690262,-0.001649932,-0.001519067,0.006624219
13.878506661,-0.002881109,-0.002470747,0.007580353
13.898322582,-0.003804951,-0.001252649,0.003253513
13.920615673,-0.001789873,0.0004186523,0.0104485
13.940431595,0.00451102,0.002982917,0.0056793
13.960247994,-0.005467079,-0.002356247,0.005166705
13.980063915,6.519043E-05,-0.002091223,0.004238881
13.999880314,-0.004229479,0.001586151,0.004195984
14.019696236,-0.0003861018,0.003856169,0.008042957
14.039512157,-0.005931883,0.002028856,0.008018749
14.059328556,0.001616892,0.005532932,0.0008555623
14.079144478,-0.003936922,0.0005806313,0.007078384
14.098959923,0.001755212,0.0004182451,0.008072183
14.118776798,0.0005028473,0.001082879,0.006144126
14.138592243,0.001425344,0.002873837,0.007099616
14.158408642,-0.0002450841,0.003304431,0.005169928
14.178224564,2.908235E-05,0.0008313156,0.001827366
14.200517654,-0.001958526,0.00220925,-0.0001088626
14.220333576,-0.001655427,0.002797029,0.006602044
14.240149975,0.0004756454,-0.002122028,0.009035068
14.259965897,-0.0009041765,-0.00254729,0.004714273
14.279782295,-0.003974376,0.000541165,0.005640427
14.299598217,-0.004146817,-0.002075147,0.007569578
14.319414139,-0.000776391,6.407376E-05,0.005182352
14.339230537,0.003493088,-0.002094569,0.003300181
14.359046459,-0.002985975,-0.001167432,0.006134005
14.378861904,-0.005749191,-0.0005360473,0.005634902
14.398678780,-8.331556E-05,-0.0007185378,0.006149411
14.418494225,-0.0005426211,-0.002424739,0.005674649
14.438311100,8.433854E-05,0.001857109,0.0070969
14.460604191,-0.004545391,0.003409066,0.005623625
14.480419636,-0.003023579,0.001855247,0.00707819
14.500235558,-0.001937507,0.000185032,0.003257352
14.520051956,-0.001468558,0.000344253,-0.0005762929
14.539867878,-0.002838284,0.00143936,0.004204636
14.559684277,0.0006971456,4.818667E-05,0.006629886
14.579500198,-0.00254397,-0.002552972,0.004704745
14.599316120,-0.00482402,-0.001807439,0.005646235
14.619132519,-0.003713359,0.002647051,0.007549765
14.638948441,-0.001101278,0.004035069,0.003244104
14.658764839,0.001969483,0.0009411978,-0.001996818
14.678580761,-0.004049104,-0.001068085,0.003729496
14.698396206,-0.002008629,0.005206685,0.003712222
14.718213082,0.001779503,0.002859615,0.005184401
14.740506172,-0.000542557,-0.0009412995,0.004229177
14.760321617,-0.0002200821,0.002702056,0.007090757
14.780138493,-0.001163788,-0.0006791487,0.01045681
14.799953938,0.001000871,-0.002520263,0.00520444
14.819770813,-0.001274283,-0.003242108,0.002797002
14.839586258,-4.218012E-05,0.002293911,0.005176349
14.859402180,0.0005582111,0.001955684,0.005660494
14.879218579,0.001000732,0.002081647,0.003265918
14.899034500,-0.002401985,0.001480078,0.01235747
14.918850899,-0.0007035371,0.0009620682,0.005657262
14.938666821,0.0005403882,0.001894038,0.006140141
14.958482743,-0.00145271,-0.002826001,0.004711885
14.978299141,-0.003584035,-0.00403531,0.004704519
15.000592232,0.001216081,8.468257E-05,0.003275806
15.020408154,-0.0006137877,0.002547616,0.005171428
15.040224552,-0.004487886,-0.001322965,0.008522076
15.060040474,-0.001681188,0.0026764,0.005643615
15.079856873,0.001991534,0.0008248607,0.006633029
15.099672794,-0.0006599116,-0.003643389,0.01286974
15.119488239,-0.0004592457,0.002050605,0.006612764
15.139305115,0.003827125,-0.001647665,0.006655184
15.159120560,-2.621121E-05,0.0006644506,0.003265687
15.178936958,-0.002323381,-0.0001142389,0.006131935
15.198752880,-0.002617795,0.0008256269,0.008043173
15.218569279,1.731056E-05,0.000664946,0.004703685
15.238385201,0.001250627,4.928613E-05,-8.028865E-05
15.258201599,-0.005539922,-0.002669869,0.00852184
15.280494690,-0.001843819,-0.003011191,0.008545104
15.300310612,-0.003499046,0.0005566101,0.006121986
15.320126534,0.0005317575,0.003927956,0.004212689
15.339942932,-0.0008634189,-0.004219893,-0.001032423
15.359758854,-0.005796405,-0.003247835,0.0066052
15.379575253,0.0005035237,-0.003734359,0.004726848
15.399391174,0.0008481289,0.006092666,0.004204483
15.419207573,6.076163E-05,-0.0008643332,-8.329898E-05
15.439023495,-0.004575712,0.0006530999,0.008032791
15.458839893,-0.003172552,0.002635133,0.008031537
15.478655815,0.0008228963,0.00137018,0.008540285
15.498471260,-0.002742508,0.002764783,0.01522522
15.518288136,-0.004294899,-0.003385129,0.006134441
15.540581226,0.0003057607,0.001139523,0.01237408
15.560396671,-0.002610489,0.002241567,0.006119025
15.580213547,-0.003674697,0.005406797,0.007537675
15.600028992,-0.001722053,-0.0006233881,0.01236945
15.619845867,-0.002629183,0.002126216,0.005639656
15.639661312,-0.003054556,0.005021464,0.005624605
15.659478188,-0.003211418,0.0008983994,0.001806378
15.679293633,0.0007660662,-0.001883389,0.004239293
15.699110031,-0.004745183,0.0008741206,0.009467968
15.718925953,0.003072382,-0.001167823,0.009522869
15.738741875,-0.005979546,-2.829337E-05,0.003232132
15.758558273,0.002938315,0.000853987,0.004240045
15.778374195,-0.0009198401,-0.004562749,0.01239032
15.798190594,-0.001338303,-8.402226E-05,0.004697822
15.820483685,0.0005203757,0.00207112,0.00517922
15.840299607,0.0006702514,-0.001426884,0.009509933
15.860116005,0.0002396156,0.001523974,0.002782831
15.879931927,-0.002380407,0.000161445,0.003731777
15.899748326,0.0002299872,-0.001511387,0.002795777
15.919564247,-0.00393866,0.0001954801,0.007558122
15.939380646,-9.941458E-05,-0.002103195,0.00663239
15.959196568,5.817278E-05,0.0004992773,0.007100835
15.979012966,-0.004263813,-0.001902763,0.00468953
15.998828888,-0.00194169,-0.001115264,0.006617561
16.018645287,-0.001159038,-0.00187197,0.001830861
16.038461208,-0.001119465,0.001204254,0.006132333
16.058277607,-0.0019076,-0.005724378,0.005678754
16.080570698,-0.00310504,0.002605413,0.006114576
16.100386620,-0.001410211,0.002100038,0.008043831
16.120203018,-0.0001753743,0.00456305,0.003725688
16.140018940,-0.0018676,0.001959768,0.008521586
16.159834385,0.000435204,-0.0003405297,0.00470967
16.179650784,0.001225761,0.0004069451,0.003752143
16.199466705,-0.002325573,-0.004332108,0.003272979
16.219283104,0.005508414,-0.004782273,0.004280246
16.239099026,-0.002799543,0.0001466747,0.00181254
16.258915424,-0.0009658019,-0.00233968,0.007107791
16.278731346,-0.007706594,-0.00202985,0.003231658
16.298547745,-0.0004674116,0.0008168526,0.006616777
16.318363667,-0.002269919,0.0002255622,0.001335131
16.338180065,-0.0002942431,-0.001154571,0.007585169
16.360473156,-0.001533072,-0.003603047,0.008547757
16.380289078,-0.004565072,-0.0005089005,0.003243265
16.400105476,-0.0007162522,0.001777763,0.00804918
16.419921398,0.004079273,0.004332396,0.009023887
16.439737797,0.001484652,-0.001628332,0.008076109
16.459553719,-0.0008029625,-0.0008283072,0.002786072
16.479370117,-0.004961844,-0.003772734,0.009007701
16.499186039,0.0003003418,0.0005529567,0.004704117
16.519002438,-0.001259377,0.0005223668,0.003256685
16.538818360,-0.004017899,0.001157947,0.007074035
16.558634758,-0.0009510989,-0.003473978,0.007591228
16.578450680,-0.001385299,0.001000584,0.002295342
16.598267079,0.00261416,0.002806526,0.009501148
16.620560169,-0.001685083,0.003445488,0.01043267
16.640376091,-0.0007549212,0.000694053,0.0118886
16.660192490,-0.001667493,0.001957196,0.0003714978
16.680008412,0.0007725337,0.002250825,0.003260892
16.699824810,0.002317416,0.003825003,0.004700828
16.719640732,-0.004939072,-0.002114223,0.001809939
16.739457131,-0.005845375,0.000663856,0.01281925
16.759273052,0.004795812,0.001120731,0.004247556
16.779089451,-0.004286559,-0.002380144,-0.0005821418
16.798904896,-0.002458691,-0.004902539,0.01238389
16.818721771,-0.0002710981,-0.003659692,0.002801887
16.838537216,-7.894463E-05,0.0004674247,0.002784081
16.858354092,-0.001426406,-0.001527743,0.006621079
16.878169537,-0.00137363,6.316656E-06,0.002778925
16.900463581,0.0004845033,-0.0009458782,0.003751625
16.920279503,0.004329432,-0.0002349855,0.01000207
16.940095902,-0.0007397229,-0.003438288,0.009029987
16.959911823,-0.003588669,-0.002336232,-0.001058681
16.979728222,0.001826511,0.001458901,0.005665274
16.999543667,0.0001405471,0.003458308,0.005168273
17.019360542,-0.0009568928,-0.002567358,0.003270432
17.039175987,-0.001255983,0.001382637,0.00421064
17.058992863,-0.005435425,-0.001561677,0.008994951
17.078808308,-0.001590694,0.0007240143,0.01236193
17.098625183,0.001019251,-0.002529527,0.005198319
17.118440628,-0.001128092,-0.000720315,0.01045247
17.138257027,-0.002043066,-0.001025833,0.004695736
17.160550594,-3.33362E-05,-0.002415287,0.003753425
17.180366039,-0.0006443049,-0.000570912,0.005180717
17.200182438,0.0001225131,-0.001321061,0.009023571
17.219999313,0.001957722,-0.0006870481,0.004236344
17.239814758,-0.001577491,0.003805913,0.008033892
17.259631634,0.0002273237,-0.0002087385,0.004225523
17.279447079,-0.001625099,-0.000797556,0.008053498
17.299263477,-0.003468777,0.001684349,-0.003952683
17.319079399,-0.003802286,-0.002011838,0.004691161
17.338895798,-0.01438221,-0.01378109,0.09194021
17.358711720,-0.003371041,0.002686186,0.03343861
17.378528118,-0.007952038,0.004334666,-0.01309732
17.398344040,-0.001381436,-0.0002033867,0.01907923
17.418160439,-0.0001274317,-0.0007353223,0.0003911766
17.440453529,0.004150309,-0.001381169,0.007129043
17.460270405,-0.0004849122,0.001703917,0.007090318
17.480085850,-0.005731272,0.000496646,0.009464143
17.499902248,-0.001152006,-0.002548865,0.007105974
17.519718170,0.005930219,0.0008319274,0.001377566
17.539534569,-0.00360527,0.0002504123,0.005162533
17.559350491,0.002723401,0.002841684,0.0032685
17.579166889,-0.002048252,0.0002133959,0.007088895
17.598982811,0.004433743,0.005431,0.00134832
17.618799210,-0.0008146589,0.001113419,0.005653278
17.638615132,-0.0005114551,-0.001357455,0.01141884
17.658431530,0.002853802,0.0008156573,0.006634202
17.678247929,0.0008632199,0.0006566563,0.007103035
17.700541020,0.001173123,0.004351042,0.01140309
17.720356941,-0.004369067,-0.0005101317,0.008997049
17.740173340,0.002679769,-0.0002430375,0.006638116
17.759989262,0.002649057,-0.0002610651,0.004240962
17.779805660,-0.002589935,-0.003007135,0.006141313
17.799621582,0.0006730303,-0.001969462,0.00903141
17.819437981,-0.005595678,0.00620371,0.005604269
17.839254379,-0.0008098579,0.004166291,0.00276357
17.859070301,0.0003877695,0.001971248,0.008532911
17.878886700,-0.003615171,0.001636154,0.004676152
17.898702622,-0.001964077,0.001179948,0.005167307
17.918519020,-0.0005886256,9.526336E-05,0.006617588
17.938334942,-0.001036459,0.003023648,0.0008497972
17.960628033,-0.005056638,0.002720823,0.004184142
17.980444431,-0.004280493,0.001973996,0.006109769
18.000260830,-0.000297706,-0.0008229404,0.00374705
18.020076752,-0.0002775865,0.002259191,0.01140425
18.039893150,0.002780559,-0.002391589,0.007606389
18.059709072,-0.003479221,0.004262685,0.006104403
18.079525471,-0.0004119756,0.002664051,0.007087125
18.099341393,-0.00166487,0.0001692815,0.009008395
18.119157791,-0.001186244,0.00340884,0.002765009
18.138974190,0.0006341586,0.0009208356,0.008058926
18.158790112,0.001836722,-0.002793673,0.007602261
18.178606510,-0.001258346,0.000292407,0.006133573
18.198422432,-0.0001923862,0.0001160365,0.004701852
18.218238831,-0.006346829,0.0001323684,0.006105307
18.240531921,-0.0003607863,-0.005567448,0.005683725
18.260348797,-0.002209531,-0.003088814,-0.00200813
18.280164242,-0.002661681,0.004442496,0.004669835
18.299980640,-0.001272265,0.003365691,0.008038512
18.319796562,-0.00342677,0.0006046637,0.005640246
18.339612961,-0.0006660122,0.001497073,0.00852929
18.359429836,-0.002954109,0.002296111,0.003718224
18.379245281,-0.004846231,-0.00137964,0.006599523
18.399062157,-0.0005081592,0.001084646,0.005655013
18.418877602,0.002715227,0.002120886,0.009504722
18.438694000,0.00116247,-0.004023349,0.003289031
18.458509922,-0.001445436,-0.002248255,0.004226104
18.478326321,-0.002050238,0.00115009,0.004687695
18.498143196,-0.003126624,-0.003321268,0.001344461
18.520436287,0.001823333,0.00186571,0.01045939
18.540251732,-0.0003374412,0.0006352472,0.005658126
18.560068607,-0.005363542,-0.002499505,-0.0005892282
18.579885006,0.0007656764,-0.002531042,0.00471907
18.599700451,2.722776E-05,-0.001751475,0.004232279
18.619517326,-0.002459448,0.001043704,0.00372681
18.639332771,-0.004279027,0.001919589,0.001795184
18.659149647,-0.002446226,0.004038733,0.005631726
18.678966046,-0.005204186,0.001579694,0.008503247
18.698781967,-0.002428701,-0.0005670998,0.002295188
18.718598366,-0.003771245,0.002028161,0.005632227
18.738413811,0.004192811,-0.0004769135,0.004728951
18.758230686,-0.007048464,-0.002164135,0.008028652
18.780523777,-0.0001715578,-0.003012671,0.003755558
18.800340176,0.003658192,-0.0007460333,0.005206648
18.820156098,-0.0003199951,0.0005114296,0.008534723
18.839972496,-0.003024044,-0.0003529814,0.005167008
18.859788895,0.0003554442,0.001766764,0.005656491
18.879604817,-0.000409631,-0.002057853,-8.499276E-05
18.899421215,0.0009624695,-0.003163469,0.005200816
18.919237137,0.0002891673,0.0001392858,0.007580769
18.939053536,-3.845621E-05,0.005640007,0.002283421
18.958869934,0.0003813928,-0.0004014312,0.006624636
18.978685856,0.002223145,0.00173655,0.002311535
18.998502254,0.004355797,0.001396592,0.004243061
19.018318176,-0.001982252,0.001836095,0.006601987
19.040611744,0.0002961353,-0.002036323,0.006150874
19.060427666,0.001032161,-0.002778046,0.008555559
19.080244064,0.0002508145,-0.001995369,0.009986447
19.100060463,-0.00162886,-0.001081887,0.004698333
19.119876385,-0.0009931232,0.004779193,0.003720243
19.139692783,0.0002241417,0.00105191,0.001345024
19.159508705,2.646018E-05,-3.843441E-05,0.006622058
19.179325104,-0.004867337,0.005524645,0.005612558
19.199141502,0.0009499287,0.0002607151,0.01046145
19.218957424,-0.005204856,0.0002830074,0.007069032
19.238773823,-0.003500769,-0.00169226,0.003730522
19.258589745,0.0003610531,0.002142834,0.00661559
19.278406143,-0.0006865538,0.002332059,-0.0001038297
19.298222542,0.0008322409,-0.0007981008,0.00375268
19.320515633,-0.0003726093,0.002908988,0.007087314
19.340332508,0.002967573,-0.001126344,0.0104783
19.360147953,0.002216405,-0.0003311991,0.001841316
19.379964829,0.003582285,-0.001446555,0.006168562
19.399780274,0.00110366,-0.0001968877,0.007587349
19.419596672,0.003280512,0.002557282,0.005192577
19.439413548,-0.001663599,0.0003998142,0.009966053
19.459228993,2.467362E-05,-0.003131693,0.001839449
19.479045868,-0.003052557,-5.361774E-05,0.009480124
19.498862267,0.0005985808,0.001121751,0.008059243
19.518678665,-0.00490088,0.002371318,0.006583408
19.538494587,-0.002749313,0.002046573,0.008035769
19.558310986,-0.003187851,0.0003631729,0.005641854
19.578126907,0.003588216,-0.003074645,0.001859173
19.600419998,0.0006835212,-0.0004834399,0.01190029
19.620236397,0.0007014666,0.002568671,0.006135576
19.640052796,-0.002667357,-0.00109895,0.003732593
19.659868717,0.001817932,0.0009121022,0.002792458
19.679685116,0.0001003239,-0.003283254,0.01046815
19.699501515,-0.002662257,-0.001084073,0.004691405
19.719317436,-0.001439572,-0.001718371,0.01333047
19.739133835,0.002742408,-0.003389592,0.009046287
19.758950234,-0.0006260353,-0.002463951,0.01142022
19.778766155,-0.001059393,0.0005038899,0.001818245
19.798582554,0.0004799434,0.002066919,0.004697488
19.818398953,-0.002316408,0.001142317,0.01043814
19.838214874,-0.002791273,-0.002092643,0.009009201
19.860507965,-0.005066701,0.001778433,0.007063825
19.880324364,-0.002887734,-0.001618492,0.006130544
19.900140763,0.002776717,-0.003317776,0.004251982
19.919956684,-0.003362644,-0.001764043,0.00516949
19.939773083,0.002643577,-0.002861785,0.004728931
19.959589958,-0.003058247,-0.002714861,0.00373651
19.979405403,-0.001498096,0.0003726205,0.005172247
19.999222279,-0.002122205,0.0006746245,0.005167395
20.019038677,-0.002254831,0.001139762,0.004205897
20.038854122,0.002050675,-0.001058241,0.00711525
20.058670998,-0.002088834,-0.0008625574,0.008529373
20.078487396,-0.005132418,-0.0008524384,0.007073385
20.098303318,-0.002018116,0.002186559,0.009476652
20.118119717,0.0009346004,-0.0004465466,0.009023713
20.140412807,0.001267234,0.001688957,-0.001050438
20.160229206,-0.003362879,0.0001563571,0.007558543
20.180045605,-0.0001048425,0.004300672,0.007561577
20.199861527,0.00235661,0.003004614,0.00758006
20.219677925,0.000808514,-0.004664325,0.005681857
20.239494324,0.002311506,-5.52938E-05,0.003755729
20.259310246,-0.002020334,-0.007115617,0.003757554
20.279126644,-0.001220847,0.002857446,0.01139611
20.298943043,-0.0001624881,-0.004945151,0.009034024
20.318758965,0.0001722382,0.001796134,0.007572585
20.338575363,0.0009264945,0.001017573,0.01093556
20.358391762,0.001076995,0.0005349532,0.01237611
20.378207684,-0.003842627,0.001497073,0.003715488
20.400501728,-0.002508824,-0.002669669,0.008053291
20.420317173,-0.00127781,0.001323803,0.007566443
20.440134049,0.001947029,0.002392504,0.008539555
20.459950447,0.00149541,0.0006637331,0.006625565
20.479766369,-0.00178674,-0.001986921,0.005177918
20.499582768,0.0006462563,-0.001692566,0.003273344
20.519399166,-0.0005293649,-7.37445E-05,0.01189058
20.539215088,0.0009525371,-0.003102257,0.0004046844
20.559031487,0.002102614,-0.003777127,0.01144076
20.578847885,-0.001583213,0.0006721127,0.00756844
20.598663807,-0.08165165,0.04855121,0.001658097
20.618480206,0.06536169,-0.04413788,0.0004537533
20.638296604,0.0009502118,-0.004269124,0.003287593
20.660589695,-2.739172E-05,-0.001474085,0.006149562
20.680406094,0.0005518979,0.001287492,0.004706347
20.700222016,-0.00213285,-0.001722559,0.009012779
20.720038414,-0.007812944,0.01200191,0.009893105
20.739854813,-0.0004689906,0.003459991,0.008050471
20.759670735,0.0001498202,-0.002981246,0.005676926
20.779487133,-0.005731094,0.0006732814,0.008021931
20.799304009,0.0006003458,-0.001298786,0.003278347
20.819120407,0.0005816331,0.0002144222,0.002314927
20.838935852,0.001973096,0.002216532,-0.0005581469
20.858752728,0.001207487,-0.001681994,0.01047476
20.878569126,-0.00294681,5.973591E-05,0.004207704
20.898385048,0.00277079,-0.003124595,0.003299138
20.918201447,-0.006049924,0.003130462,0.005135847
20.940494538,0.003376719,-0.001919545,0.006176077
20.960310936,-0.001264172,0.001104036,0.01044896
20.980127335,0.0005964228,0.0002010619,0.007109141
20.999943733,0.0009275054,0.0008520517,0.009506394
21.019759655,0.0004646031,0.0006733591,0.009024183
21.039576054,-0.0006181822,0.003922033,0.003733255
21.059392452,0.002045252,-0.0008159737,0.002807312
21.079208374,0.001117635,-0.001114838,0.002801386
21.099024773,-0.001965517,-0.002670666,0.005661341
21.118841648,-0.0008939398,-0.001211813,0.005664763
21.138657093,-0.001061236,0.002320284,0.009487933
21.158473492,0.002810398,2.109133E-05,0.009521727
21.178290367,0.0003552106,-0.001826732,0.003757291
21.198106766,-0.0004313833,0.002036668,0.004219271
21.220399857,0.0001878206,0.001737834,0.008060145
21.240216255,0.0009875654,-0.0005270336,0.006155227
21.260032177,0.09424623,-0.06281882,0.004687481
21.279848576,0.004996444,0.002911484,0.006651463
21.299664974,0.00357684,0.005515605,0.008071738
21.319480896,-0.0005654442,0.002629857,0.003737427
21.339297295,0.003546517,0.002438325,0.008081491
21.359113693,0.003713508,0.003531162,0.0008883209
21.378930092,-0.001194134,0.00597966,0.005160248
21.398746014,-0.001036011,-0.0006339724,0.007100569
21.418562412,-0.002101563,0.001123728,0.00325178
21.438379288,-0.001506637,0.005399394,0.005160013
21.458195686,0.0008014531,4.63237E-05,0.002796812
21.480488777,0.001850692,-0.0001010583,0.007119514
21.500305176,0.0001425518,0.003435163,0.005178434
21.520121098,-0.002305315,7.131771E-05,0.003733957
21.539937496,0.00248326,-0.003439237,0.004258858
21.559753895,-0.00431613,0.001475156,0.01042707
21.579570294,-0.002807764,-0.001566931,0.009968864
21.599386215,-0.002473162,-0.0009149146,0.006613102
21.619202614,-0.003364044,0.003388516,0.002277252
21.639019013,0.0009680409,-0.006427593,0.002341138
21.658834934,-0.0002796174,0.000300794,0.00374715
21.678651333,-0.002598697,0.001045735,0.003728794
21.698467732,-0.002925979,-0.001111743,0.01140479
21.718284607,0.003699472,-0.003974142,0.006667076
21.738100052,-0.00291552,-0.005625359,0.006146613
21.760394097,0.002726831,0.00183841,0.008558316
21.780210495,0.0001087409,0.000407378,0.008064892
21.800026417,-0.0005232137,0.00379549,0.01092566
21.819842816,0.004667323,0.00348594,0.009046403
21.839659214,-0.00393721,0.001626355,0.004676384
21.859475136,-0.003349294,0.001291185,0.0109144
21.879291535,0.001413624,-0.0007353213,0.002804565
21.899107933,0.004159544,0.001666388,0.004254858
21.918924332,-0.002293261,-0.0004694505,-9.954157E-05
21.938740254,-0.002482647,0.001487055,0.008043043
21.958556652,-0.000787212,-0.000485718,0.005664484
21.978373051,-0.003383847,-0.006469605,0.009021364
21.998189926,0.0007659237,-0.0004493405,0.001840579
22.020483017,-0.002191886,-0.003970172,0.002789966
22.040299416,-0.003575828,-0.002902485,0.006611884
22.060115814,-0.0006456569,-0.0008979586,0.004229058
22.079931736,-0.001117277,0.002004823,0.00805184
22.099748135,-0.002042101,0.004727106,0.008036204
22.119564533,-5.248969E-05,0.001813251,0.005183597
22.139380932,-0.003210065,3.957608E-05,0.003729915
22.159196854,0.0006007998,0.003885399,0.005183741
22.179013252,-0.002281433,-0.002733923,0.001828906
22.198829651,0.0009179144,-0.00163287,0.0013697
22.218646526,0.0003994709,0.001272373,0.006150341
22.238461971,0.0005302565,0.00232015,0.003271049
22.258278370,-0.003327503,-0.001530573,0.009487787
22.278095245,0.002366233,-0.001662995,0.006654795
22.300388336,-0.001182202,0.001236273,0.006618264
22.320204735,-0.004450469,0.004775698,0.01281383
22.340021134,0.001107021,0.002021347,0.006153639
22.359837532,-0.005501612,-0.001241918,0.0104292
22.379653454,-0.001773519,-0.001500115,0.004225963
22.399469853,0.0006884987,0.003423857,0.005665882
22.419286251,0.001119344,-0.001034579,0.003287412
22.439102650,-0.003853597,0.002955639,0.011866
22.458919525,-0.003358208,-0.001470753,0.003734387
22.478734970,0.0001682714,-0.001315207,0.005199146
22.498551846,-0.0006177147,0.004082132,0.005174755
22.518368244,-0.005343691,-0.003158257,0.001328313
22.538184643,-0.001837362,9.005858E-05,0.009494179
22.560477734,-0.003701373,-0.0005143885,0.008043933
22.580294132,0.005848753,0.003210844,-0.001005363
22.600110531,-0.005379436,2.196011E-06,0.006111929
22.619926453,0.001998069,0.0009303103,0.00760307
22.639742851,0.002144488,0.003545892,0.004239192
22.659559250,0.001064711,-0.0009599786,0.007602751
22.679376125,0.002873973,-0.0003598683,0.006176475
22.699191570,0.0008286926,0.004079402,0.00710433
22.719008446,-0.001298436,-0.001750489,0.005669779
22.738824845,-0.003425324,-0.002905472,0.006137329
22.758641243,0.001022727,0.0006436916,0.005679411
22.778457642,0.003773539,0.0001011537,-0.0005292773
22.798273564,0.001269715,0.001310879,0.006638504
22.820567131,0.0003120463,0.001049776,0.003276416
22.840383530,0.0004381065,0.005186438,0.00278285
22.860199452,-0.003456422,-0.001702076,0.003737032
22.880015850,-0.003338244,0.000977148,0.006125534
22.899832726,-0.003973415,-0.000255904,0.01091959
22.919649124,-0.0002787671,-0.0005953658,0.00807343
22.939465523,0.000893763,0.001893901,0.005676437
22.959281445,-0.0003640066,0.001006069,0.005670289
22.979097843,-0.001444394,0.004241407,0.0008551464
22.998914242,0.002384062,0.003459434,0.005683029
23.018730640,-0.0005722626,-6.688604E-05,0.009508675
23.038547039,0.001594328,0.004241986,0.006633178
23.058362961,-0.001057923,-0.003306359,0.010476
23.078179359,0.001080492,0.002565022,0.003280167
23.100473404,-0.002002276,-0.0005208869,0.01285503
23.120288849,0.0002959984,0.001808587,0.005193945
23.140105724,-0.000475316,0.002569849,0.003267441
23.159922123,-0.002976404,0.00227037,0.006124994
23.179738522,-0.0004995558,0.001074595,0.0003967561
23.199554920,-0.001573839,-0.0003418288,0.002310776
23.219370842,0.002108196,0.0008769184,0.003774602
23.239187241,-0.0008716306,0.003480301,0.004220261
23.259003639,-0.001177556,-0.0002471098,0.01286086
23.278820038,0.0007017186,0.001915268,0.003759314
23.298636913,0.00146871,0.005777447,0.002312373
23.318452358,0.0008081707,-0.00160865,0.008567778
23.338269234,0.00117442,0.0005621577,0.004247609
23.358085632,-0.001554117,-0.0003770104,0.00422867
23.380379200,0.03180607,-0.03074738,0.07413953
23.400195122,0.001268338,9.733786E-05,0.004729791
23.420011520,-0.005013581,-0.0009677209,0.004203216
23.439827919,-0.001496568,-0.0008294052,0.005669727
23.459644318,0.0006627538,-0.001137897,0.00425038
23.479461193,0.00281401,-0.001442017,0.004269305
23.499276638,-0.001359854,0.004881904,0.006607823
23.519093514,-0.004127015,-0.002199826,0.008530067
23.538909912,-0.001158386,-0.003247722,0.006640761
23.558726311,-0.0004236916,0.00214638,0.003749748
23.578542709,0.0001788817,0.001838024,0.007591251
23.598359108,0.0008061134,-0.001510455,0.003773798
23.618175030,0.002505353,0.002604461,0.006648344
23.640468598,-0.001079743,0.0009539801,0.01285812
23.660285473,-0.001835778,0.001747843,0.006136681
23.680100918,0.002182305,-0.001004828,0.0009074042
23.699917793,0.001123069,-0.0008255646,0.001856656
23.719734192,0.001259098,0.001790181,0.004723804
23.739550591,-0.00364535,-0.003409803,0.005183777
23.759366989,0.003589867,0.001078966,0.005704676
23.779183388,0.005251843,0.0006096122,0.005720501
23.798999310,-0.002613981,-0.0004701973,0.008057536
23.818815708,0.003656965,0.006744077,0.005203951
23.838632107,-0.001096739,0.001021058,0.004708034
23.858448506,-0.002310968,0.0001125897,0.008057193
23.878265381,-0.001339985,0.000400741,0.004708007
23.898081780,0.003541217,-0.0005235795,0.009067079
23.920374871,-0.001516444,0.0008962184,-0.0005686957
23.940191269,-0.00211572,0.001170559,0.003739818
23.960007668,0.001845049,0.001471608,0.004250726
23.979824066,0.00278524,-0.00282531,0.002837384
23.999640942,0.0006568849,-0.002512638,0.003777334
24.019456387,-0.003501912,-0.0008219201,0.00901007
24.039272785,-0.0001358227,-0.0001935926,0.007597264
24.059089661,-0.001827549,-0.002818351,0.006634426
24.078906059,0.0003585152,0.001472399,0.003279258
24.098722458,0.001138429,-0.002411416,0.004259724
24.118538857,-7.421519E-05,-0.003343957,0.007129638
24.138354778,-0.003594561,0.002625524,0.008036198
24.158171177,-0.0005212143,0.004194103,0.002781785
24.180465221,0.003919987,0.001541371,0.008581618
24.200281620,0.0005516963,0.002480261,0.004714845
24.220097065,0.001783954,0.001854984,0.003768461
24.239913940,-0.003949367,0.002010196,0.008035957
24.259730339,-0.001801467,0.003241507,0.005651763
24.279546738,-0.0004165916,-0.000900244,0.005199938
24.299363136,-0.002543275,-0.00207831,0.009022708
24.319179535,-0.0007221777,0.001653967,0.01046113
24.338995934,-0.002700849,-3.704049E-05,0.0003836952
24.358812809,-0.001442531,0.0008347234,0.002307938
