Time (s),W,X,Y,Z
0.000000000,0.2961926,-0.001333253,-0.003632573,-0.9533533
0.012385368,0.2962391,-0.001305712,-0.003740535,-0.9533385
0.032201290,0.2959056,-0.001282426,-0.003808106,-0.9534419
0.052017689,0.2956531,-0.001297841,-0.003747237,-0.9535204
0.071834087,0.2953732,-0.001230516,-0.003773464,-0.9536071
0.091650009,0.2951371,-0.001229942,-0.003745543,-0.9536803
0.111466408,0.2949813,-0.001200633,-0.003718662,-0.9537287
0.131282330,0.2951343,-0.001241558,-0.003723696,-0.9536813
0.151098728,0.2952605,-0.001272583,-0.003792107,-0.9536419
0.170914650,0.2950147,-0.001276254,-0.003856903,-0.9537177
0.190731049,0.2946149,-0.001308683,-0.003836279,-0.9538413
0.210547447,0.294314,-0.001327209,-0.003752481,-0.9539346
0.232840538,0.2941242,-0.001259711,-0.003814476,-0.9539929
0.252656460,0.2939717,-0.001269405,-0.003861385,-0.9540398
0.272472858,0.2940674,-0.001261811,-0.003821605,-0.9540104
0.292289257,0.2942579,-0.001271216,-0.003803164,-0.9539517
0.312105179,0.2943856,-0.001295611,-0.003863703,-0.953912
0.331921578,0.294404,-0.001293381,-0.003960054,-0.9539059
0.351737499,0.2944574,-0.001262449,-0.003971834,-0.9538894
0.371553898,0.294661,-0.001256285,-0.004008667,-0.9538264
0.391370297,0.2949417,-0.001294968,-0.004057181,-0.9537394
0.411186218,0.2952156,-0.00129618,-0.004069546,-0.9536546
0.431002617,0.2952203,-0.001264969,-0.004066892,-0.9536532
0.450818539,0.2952001,-0.001228752,-0.004145797,-0.9536592
0.470634937,0.2953854,-0.001237572,-0.004188411,-0.9536017
0.490451336,0.2957534,-0.001217159,-0.00418081,-0.9534876
0.512744427,0.2960972,-0.001199833,-0.004167416,-0.9533809
0.532560349,0.2961411,-0.001172851,-0.004194843,-0.9533672
0.552376747,0.2961924,-0.001151503,-0.004174154,-0.9533514
0.572193623,0.2961933,-0.001136669,-0.004207203,-0.953351
0.592009068,0.2961815,-0.001123254,-0.004196939,-0.9533548
0.611825466,0.2961673,-0.001144859,-0.004199208,-0.9533591
0.631641388,0.2963469,-0.001173921,-0.004162613,-0.9533035
0.651457787,0.2965142,-0.00116561,-0.004140355,-0.9532515
0.671274662,0.296595,-0.001177918,-0.004168839,-0.9532263
0.691090107,0.2965519,-0.001171792,-0.004203222,-0.9532395
0.710906506,0.2965376,-0.001173002,-0.004229314,-0.9532439
0.730722428,0.2965717,-0.00114668,-0.00423654,-0.9532333
0.750538826,0.2966,-0.001149584,-0.004248745,-0.9532244
0.772831917,0.2965121,-0.001150864,-0.004250087,-0.9532517
0.792648792,0.296304,-0.00115356,-0.004264321,-0.9533165
0.812465191,0.29612,-0.001162365,-0.004241775,-0.9533736
0.832281113,0.2959452,-0.001178689,-0.004246409,-0.9534279
0.852097511,0.2957661,-0.001166646,-0.004257042,-0.9534834
0.871913433,0.2957274,-0.001159698,-0.004284346,-0.9534953
0.891729832,0.2958891,-0.001156745,-0.004288089,-0.9534451
0.911546231,0.2960333,-0.001157027,-0.004306742,-0.9534004
0.931362152,0.296102,-0.00115748,-0.004324731,-0.9533789
0.951178551,0.2961538,-0.001163712,-0.004336765,-0.9533627
0.970994950,0.296177,-0.001165722,-0.004372973,-0.9533553
0.990810871,0.2961647,-0.001163665,-0.004386548,-0.9533591
1.010627270,0.2961533,-0.001167318,-0.004395754,-0.9533626
1.030443668,0.2961514,-0.0011885,-0.004414241,-0.9533631
1.052736759,0.2961444,-0.001213077,-0.004432742,-0.9533652
1.072552681,0.2961452,-0.001200151,-0.004442112,-0.9533649
1.092369080,0.2961586,-0.001202082,-0.00444599,-0.9533607
1.112185478,0.2961711,-0.001201445,-0.004447166,-0.9533569
1.132001400,0.2962054,-0.001201948,-0.004469351,-0.9533461
1.151817799,0.2962494,-0.001194343,-0.004472472,-0.9533324
1.171634197,0.2963173,-0.001203552,-0.004487478,-0.9533112
1.191450119,0.2964613,-0.001226749,-0.004492553,-0.9532663
1.211266518,0.2965731,-0.001221982,-0.004519322,-0.9532315
1.231082916,0.2965795,-0.001237519,-0.004527205,-0.9532294
1.250898838,0.2964985,-0.001244174,-0.004545289,-0.9532546
1.270715237,0.2964428,-0.001247307,-0.004537447,-0.9532719
1.290532112,0.2965247,-0.001246518,-0.004538201,-0.9532464
1.312825203,0.296621,-0.001252708,-0.004551727,-0.9532163
1.332641602,0.2967307,-0.001257354,-0.004567633,-0.9531821
1.352457523,0.2968525,-0.001269026,-0.004570313,-0.9531441
1.372273922,0.2969591,-0.001283606,-0.00457794,-0.953111
1.392090321,0.2969844,-0.001279695,-0.004588317,-0.9531029
1.411906242,0.2970133,-0.001280096,-0.004616924,-0.9530939
1.431722641,0.2970676,-0.001276177,-0.004634471,-0.9530768
1.451539040,0.2971291,-0.001270886,-0.004642514,-0.9530576
1.471354962,0.2971959,-0.001253886,-0.004660524,-0.9530368
1.491171360,0.2972906,-0.001259444,-0.00467899,-0.9530072
1.510987759,0.2973737,-0.001247386,-0.00469286,-0.9529811
1.530803681,0.2974795,-0.001238246,-0.004707905,-0.952948
1.550620079,0.2975881,-0.001242179,-0.004728111,-0.9529141
1.570436478,0.2977023,-0.001228871,-0.004749641,-0.9528782
1.592729569,0.2978671,-0.001229762,-0.004765509,-0.9528267
1.612545967,0.2980216,-0.001228875,-0.004763373,-0.9527783
1.632361889,0.2980306,-0.001234445,-0.004777724,-0.9527755
1.652178288,0.2979704,-0.00123598,-0.004776763,-0.9527943
1.671995163,0.2979114,-0.001240079,-0.004777586,-0.9528128
1.691810608,0.2979489,-0.001233829,-0.004776765,-0.952801
1.711627007,0.2979849,-0.001224023,-0.004793575,-0.9527898
1.731443882,0.2980563,-0.00125566,-0.004787477,-0.9527673
1.751259327,0.2981654,-0.001289319,-0.004773604,-0.9527333
1.771076203,0.2982709,-0.00132472,-0.004761429,-0.9527002
1.790892601,0.2983149,-0.001321269,-0.00476804,-0.9526864
1.810709000,0.2983609,-0.001326516,-0.004761195,-0.952672
1.830524922,0.2984325,-0.001325104,-0.0047636,-0.9526496
1.852818489,0.298547,-0.001321162,-0.004777454,-0.9526137
1.872634411,0.2986552,-0.001323137,-0.004782121,-0.9525797
1.892450810,0.2985989,-0.001328434,-0.004780834,-0.9525974
1.912267208,0.298529,-0.001327193,-0.004784253,-0.9526193
1.932083130,0.2985015,-0.00131758,-0.004790131,-0.952628
1.951899529,0.2985308,-0.001328439,-0.004787453,-0.9526187
1.971715927,0.2985494,-0.001308529,-0.004816558,-0.9526127
1.991531849,0.2985405,-0.001318745,-0.004822522,-0.9526155
2.011348248,0.298518,-0.001310288,-0.004846992,-0.9526225
2.031164646,0.2985422,-0.001300584,-0.004863737,-0.9526147
2.050981522,0.2986172,-0.001285641,-0.004873608,-0.9525912
2.070796967,0.2986799,-0.001282768,-0.00488595,-0.9525716
2.090613842,0.298705,-0.001287986,-0.004881872,-0.9525637
2.112906933,0.2987101,-0.001288686,-0.004906439,-0.9525619
2.132723331,0.2986674,-0.001285993,-0.004931817,-0.9525751
2.152539730,0.2985339,-0.001282859,-0.004951032,-0.9526169
2.172355652,0.2984069,-0.001283381,-0.004943947,-0.9526567
2.192172051,0.2984949,-0.00128636,-0.004960287,-0.9526291
2.211988449,0.2986186,-0.001296224,-0.004967457,-0.9525902
2.231804848,0.2987137,-0.001284289,-0.004987955,-0.9525604
2.251620770,0.2987573,-0.00128359,-0.004995517,-0.9525467
2.271437168,0.2988165,-0.00128188,-0.004997355,-0.9525282
2.291253567,0.298858,-0.001284072,-0.004990002,-0.9525151
2.311069965,0.2989035,-0.001295408,-0.004998585,-0.9525008
2.330885887,0.2989383,-0.001295702,-0.005011117,-0.9524898
2.350702286,0.2989872,-0.001297246,-0.005031999,-0.9524743
2.370519161,0.29903,-0.001302962,-0.005038977,-0.9524608
2.392812252,0.2990402,-0.001304719,-0.005035039,-0.9524577
2.412628651,0.2990234,-0.001301702,-0.005044769,-0.9524629
2.432445049,0.2990107,-0.00130776,-0.005030265,-0.952467
2.452260971,0.298991,-0.001308562,-0.005029627,-0.9524732
2.472077370,0.2989584,-0.001313899,-0.005023608,-0.9524834
2.491893768,0.2989995,-0.00130968,-0.005017144,-0.9524706
2.511709690,0.2990601,-0.001304542,-0.005045834,-0.9524514
2.531526089,0.2991229,-0.00130437,-0.005061547,-0.9524316
2.551342487,0.2992173,-0.001297392,-0.005070008,-0.9524019
2.571158886,0.2993073,-0.001301083,-0.005081383,-0.9523735
2.590974808,0.2993402,-0.001318583,-0.005081656,-0.9523631
2.610791207,0.2993293,-0.001328188,-0.005068365,-0.9523666
2.630607605,0.2993106,-0.001324076,-0.005068411,-0.9523725
2.652901173,0.2992569,-0.001331951,-0.005080214,-0.9523894
2.672717571,0.2992052,-0.001339212,-0.005066453,-0.9524057
2.692533970,0.2991876,-0.001342158,-0.005087813,-0.9524111
2.712350369,0.2991866,-0.001350736,-0.005103113,-0.9524112
2.732166290,0.2991993,-0.001358526,-0.00510803,-0.9524073
2.751982689,0.2992492,-0.001355766,-0.005112762,-0.9523916
2.771799088,0.2992809,-0.001352049,-0.005111881,-0.9523816
2.791615486,0.2993732,-0.001346264,-0.005122453,-0.9523526
2.811431408,0.2995072,-0.001347983,-0.005116308,-0.9523105
2.831247807,0.2996367,-0.001355814,-0.005106452,-0.9522698
2.851064205,0.2995885,-0.001351483,-0.005116317,-0.9522848
2.870881081,0.2995449,-0.001366951,-0.005102259,-0.9522987
2.890696526,0.2994881,-0.001363586,-0.005119401,-0.9523163
2.910513401,0.2994414,-0.001355164,-0.005141294,-0.9523309
2.932806492,0.2993894,-0.001359695,-0.005138252,-0.9523474
2.952622891,0.2994232,-0.001355933,-0.00514621,-0.9523367
2.972439289,0.2994711,-0.001368261,-0.005146496,-0.9523216
2.992255688,0.299541,-0.001368542,-0.005159443,-0.9522995
3.012071609,0.2996113,-0.001378378,-0.005172346,-0.9522773
3.031888008,0.2997004,-0.001367542,-0.005175142,-0.9522493
3.051704407,0.2995893,-0.001354343,-0.005196027,-0.9522842
3.071520805,0.2994794,-0.001361452,-0.0051848,-0.9523187
3.091337681,0.2994513,-0.001358987,-0.005183432,-0.9523276
3.111153126,0.2995439,-0.001369496,-0.005196922,-0.9522985
3.130969524,0.2996454,-0.001366588,-0.005190033,-0.9522665
3.150786400,0.2997316,-0.001372092,-0.005195649,-0.9522393
3.170602799,0.299822,-0.001367493,-0.005208631,-0.9522108
3.190418720,0.2998839,-0.001372495,-0.005212703,-0.9521914
3.212712288,0.2998837,-0.001394337,-0.005215893,-0.9521913
3.232528687,0.2998835,-0.001398688,-0.005222119,-0.9521913
3.252344608,0.2998389,-0.001400713,-0.005215291,-0.9522055
3.272161007,0.299787,-0.001389603,-0.005226479,-0.9522217
3.291977406,0.2997669,-0.001412022,-0.005229483,-0.9522281
3.311793804,0.2997972,-0.001413001,-0.005238033,-0.9522184
3.331610680,0.299826,-0.001412279,-0.005230583,-0.9522094
3.351426125,0.2997594,-0.001413094,-0.005220562,-0.9522304
3.371243000,0.2996732,-0.001417664,-0.005214565,-0.9522575
3.391059399,0.2995955,-0.001407292,-0.00522655,-0.952282
3.410875797,0.2995422,-0.001401195,-0.005241261,-0.9522986
3.430691719,0.2994942,-0.001387617,-0.005266487,-0.9523137
3.450508118,0.2994412,-0.001376287,-0.005265498,-0.9523303
3.472801685,0.2993844,-0.001378049,-0.005264883,-0.9523482
3.492617607,0.299358,-0.001374232,-0.005289023,-0.9523563
3.512434006,0.299365,-0.001385532,-0.005300574,-0.952354
3.532250404,0.299372,-0.001373573,-0.0052945,-0.952352
3.552067280,0.2994256,-0.001360778,-0.005290446,-0.9523351
3.571883679,0.2995002,-0.001369515,-0.005287609,-0.9523116
3.591699600,0.2995435,-0.001372328,-0.005292524,-0.952298
3.611515999,0.2994857,-0.00135937,-0.005284078,-0.9523162
3.631332398,0.2994335,-0.00134922,-0.005286206,-0.9523326
3.651148796,0.2994562,-0.001358527,-0.005291722,-0.9523255
3.670965195,0.2995177,-0.001343755,-0.005278087,-0.9523062
3.690781117,0.2995639,-0.001323156,-0.005298232,-0.9522916
3.710597515,0.2995536,-0.00131192,-0.005288824,-0.9522949
3.732891560,0.2995311,-0.001296744,-0.005300608,-0.9523019
3.752707958,0.2995009,-0.001296278,-0.005270819,-0.9523116
3.772523880,0.2994403,-0.00129064,-0.005295213,-0.9523305
3.792340279,0.2993832,-0.001274492,-0.00530516,-0.9523485
3.812156677,0.2993455,-0.001264645,-0.005314108,-0.9523603
3.831973076,0.2993065,-0.00125875,-0.005336592,-0.9523724
3.851789475,0.2992601,-0.001234433,-0.005331881,-0.952387
3.871605396,0.2992121,-0.001234095,-0.005335608,-0.9524021
3.891421795,0.2991763,-0.00122849,-0.005334741,-0.9524133
3.911238194,0.2992356,-0.001213587,-0.005332455,-0.9523948
3.931054592,0.2993036,-0.00120357,-0.005339454,-0.9523734
3.950871468,0.2993175,-0.001215962,-0.00533596,-0.952369
3.970686913,0.2992712,-0.001202299,-0.005325715,-0.9523836
3.990503788,0.2992144,-0.001190491,-0.005345542,-0.9524014
4.012797356,0.2992943,-0.001190639,-0.005353847,-0.9523762
4.032613754,0.2993671,-0.001178752,-0.005344587,-0.9523534
4.052429676,0.2994162,-0.001178574,-0.005344575,-0.9523379
4.072246075,0.299468,-0.001187666,-0.005346024,-0.9523218
4.092062473,0.2995234,-0.001184599,-0.005337389,-0.9523043
4.111878872,0.2994699,-0.001186957,-0.005351467,-0.9523211
4.131695747,0.2994132,-0.001183702,-0.005348727,-0.952339
4.151512146,0.2993666,-0.001188591,-0.005345632,-0.9523536
4.171328068,0.2993255,-0.001193631,-0.005335064,-0.9523665
4.191144466,0.2992847,-0.001189542,-0.005332121,-0.9523795
4.210960865,0.2993993,-0.001185015,-0.005338696,-0.9523434
4.230777264,0.2995079,-0.001168163,-0.005343799,-0.9523092
4.250593662,0.2995719,-0.001158252,-0.005345186,-0.9522891
4.270410061,0.2995784,-0.00116343,-0.005345222,-0.9522871
4.292703152,0.2995944,-0.001179644,-0.005350909,-0.9522819
4.312520027,0.299526,-0.001164349,-0.005357462,-0.9523034
4.332336426,0.2994831,-0.001165037,-0.005366803,-0.9523168
4.352152348,0.299456,-0.001169517,-0.005378051,-0.9523253
4.371968746,0.2994747,-0.001174401,-0.005375158,-0.9523195
4.391785145,0.2994827,-0.001174866,-0.005361327,-0.9523169
4.411601544,0.2995453,-0.001170068,-0.00536634,-0.9522973
4.431417942,0.2996138,-0.001163345,-0.005367962,-0.9522758
4.451234341,0.2996783,-0.001165468,-0.005372621,-0.9522555
4.471051216,0.2997291,-0.0011824,-0.005364402,-0.9522395
4.490866661,0.2997854,-0.001189402,-0.005355686,-0.9522219
4.510683537,0.2998283,-0.001198271,-0.005318043,-0.9522085
4.530499935,0.2998501,-0.001196206,-0.005325272,-0.9522015
4.552793503,0.2998563,-0.001199343,-0.005331573,-0.9521996
4.572609425,0.2997945,-0.001166728,-0.005341292,-0.952219
4.592425823,0.2997313,-0.001161274,-0.005334103,-0.9522389
4.612242222,0.2997992,-0.001155817,-0.005334176,-0.9522176
4.632058621,0.2998833,-0.001143581,-0.005343049,-0.9521911
4.651875496,0.2999397,-0.001141516,-0.005336713,-0.9521734
4.671691895,0.2999094,-0.001136484,-0.005327632,-0.952183
4.691507816,0.299878,-0.001131267,-0.005331651,-0.9521928
4.711324215,0.2998697,-0.001127957,-0.005336081,-0.9521953
4.731140614,0.2998909,-0.001129914,-0.005320047,-0.9521888
4.750957012,0.2998939,-0.001129827,-0.005314346,-0.9521878
4.770773411,0.2998898,-0.001126113,-0.005310438,-0.9521893
4.790589810,0.2998864,-0.001124633,-0.005299387,-0.9521903
4.812882900,0.299867,-0.001122471,-0.005295364,-0.9521965
4.832699776,0.2998396,-0.00111022,-0.005288741,-0.9522052
4.852516175,0.2998199,-0.001118127,-0.005290805,-0.9522113
4.872332573,0.2998462,-0.001111889,-0.005282778,-0.9522032
4.892148972,0.2998697,-0.001110642,-0.005302269,-0.9521956
4.911965370,0.2999175,-0.00111445,-0.005288125,-0.9521806
4.931781292,0.2999721,-0.001109412,-0.005289972,-0.9521634
4.951597691,0.3000147,-0.001099094,-0.005282311,-0.95215
4.971414089,0.3000185,-0.001084623,-0.005279852,-0.9521489
4.991230965,0.3000314,-0.001082588,-0.005265249,-0.9521449
5.011047363,0.3000114,-0.001074037,-0.005269967,-0.9521512
5.030863762,0.299977,-0.001061626,-0.005266588,-0.9521621
5.050680161,0.2999592,-0.001066583,-0.005256552,-0.9521678
5.070496559,0.2999506,-0.001061331,-0.005261255,-0.9521704
5.092789650,0.2999492,-0.001064864,-0.005255801,-0.9521708
5.112606049,0.2998952,-0.0010689,-0.005251821,-0.9521879
5.132422924,0.2997922,-0.00106517,-0.005254331,-0.9522203
5.152244091,0.2997119,-0.00107486,-0.005249901,-0.9522457
5.172055721,0.2997401,-0.00107151,-0.005246054,-0.9522368
5.191872120,0.2997744,-0.001088081,-0.005259112,-0.9522259
5.211688042,0.2998579,-0.001084315,-0.005259394,-0.9521996
5.231504440,0.2999915,-0.001091572,-0.005255053,-0.9521576
5.251320839,0.3001206,-0.001090594,-0.005249534,-0.9521168
5.271137238,0.3001073,-0.001080994,-0.005256073,-0.952121
5.290954113,0.3001003,-0.001078568,-0.005248894,-0.9521233
5.310770512,0.3000331,-0.001072552,-0.005284559,-0.9521443
5.330586910,0.2999419,-0.001069126,-0.005282676,-0.9521731
5.350403309,0.2998351,-0.00106361,-0.005283718,-0.9522066
5.372696400,0.2998728,-0.001044563,-0.005273179,-0.9521949
5.392512798,0.2999296,-0.001034461,-0.005269578,-0.9521771
5.412329197,0.2999861,-0.001026571,-0.005269585,-0.9521593
5.432146072,0.3000624,-0.001025498,-0.005263591,-0.9521352
5.451962471,0.3001506,-0.001033389,-0.005249763,-0.9521075
5.471778870,0.3002191,-0.001037493,-0.00524926,-0.9520859
5.491594792,0.3002996,-0.001042794,-0.005260311,-0.9520605
5.511411190,0.3003653,-0.001045828,-0.005242814,-0.9520398
5.531227589,0.3003913,-0.00104882,-0.005243729,-0.9520316
5.551043987,0.3004117,-0.001054042,-0.00522963,-0.9520252
5.570860386,0.3003499,-0.001065504,-0.005234792,-0.9520447
5.590677261,0.300288,-0.001074179,-0.005225131,-0.9520642
5.610493660,0.3002026,-0.001076125,-0.005238382,-0.9520911
5.632786751,0.3000859,-0.00107394,-0.005242475,-0.9521279
5.652603150,0.2999875,-0.001083039,-0.005232526,-0.9521589
5.672419548,0.2999919,-0.001077641,-0.005227364,-0.9521576
5.692235947,0.3000176,-0.001095417,-0.005224228,-0.9521495
5.712052345,0.3000428,-0.001105539,-0.005212446,-0.9521416
5.731869221,0.3000966,-0.001122687,-0.005185978,-0.9521247
5.751685620,0.3001437,-0.001107923,-0.0051879,-0.9521099
5.771502018,0.3000546,-0.001128267,-0.005174632,-0.9521381
5.791318417,0.2999322,-0.001129971,-0.005168134,-0.9521766
5.811134815,0.2998456,-0.001130222,-0.005166983,-0.952204
5.830950737,0.2998407,-0.001143708,-0.005145608,-0.9522055
5.850767136,0.2998258,-0.001145721,-0.005127086,-0.9522103
5.870583534,0.2998075,-0.001146633,-0.005129471,-0.9522161
5.890400410,0.2998031,-0.001144925,-0.005122792,-0.9522175
5.912693978,0.2997731,-0.001141648,-0.005137758,-0.9522269
5.932510376,0.2997063,-0.00115499,-0.005133189,-0.952248
5.952326775,0.2996397,-0.001144935,-0.005133627,-0.952269
5.972143650,0.2996456,-0.00114105,-0.005132792,-0.9522671
5.991959095,0.2996737,-0.001141112,-0.005140599,-0.9522582
6.011775494,0.2997087,-0.001128831,-0.005148693,-0.9522471
6.031592369,0.2997738,-0.001121355,-0.005158501,-0.9522266
6.051408768,0.2998538,-0.001110238,-0.005160732,-0.9522014
6.071225166,0.2997656,-0.001111882,-0.005145782,-0.9522292
6.091041565,0.2995782,-0.00111609,-0.00513802,-0.9522882
6.110857964,0.299437,-0.001108592,-0.005129939,-0.9523328
6.130674362,0.2994898,-0.001120394,-0.005125782,-0.9523161
6.150491238,0.2995424,-0.001109927,-0.005119578,-0.9522996
6.172784329,0.2995622,-0.001113223,-0.005100155,-0.9522936
6.192600727,0.2995475,-0.001101717,-0.00509909,-0.9522981
6.212417126,0.2995518,-0.001107688,-0.005093068,-0.9522968
6.232233524,0.2995043,-0.001103404,-0.005074697,-0.9523119
6.252049923,0.2994446,-0.001102559,-0.005063845,-0.9523308
6.271866798,0.299415,-0.001109671,-0.005061647,-0.95234
6.291683197,0.2994085,-0.001113675,-0.005056263,-0.952342
6.311499596,0.2994074,-0.001105936,-0.00505551,-0.9523425
6.331315994,0.299489,-0.001104406,-0.005041784,-0.9523168
6.351132393,0.2995691,-0.001104321,-0.005051757,-0.9522917
6.370948792,0.2996131,-0.001128984,-0.0050473,-0.9522777
6.390765667,0.2996409,-0.001119906,-0.005044864,-0.952269
6.410582066,0.2996683,-0.001121129,-0.005036186,-0.9522606
6.430398464,0.2997396,-0.001107885,-0.005042404,-0.9522381
6.452691555,0.2998289,-0.001099519,-0.005027452,-0.9522099
6.472507954,0.2999113,-0.001103009,-0.005007454,-0.9521841
6.492324352,0.2999939,-0.001102211,-0.005023699,-0.952158
6.512140751,0.3000719,-0.00109807,-0.005013442,-0.9521335
6.531957626,0.3000645,-0.00110258,-0.00500012,-0.952136
6.551774025,0.300052,-0.001114611,-0.005006376,-0.9521397
6.571590424,0.3000482,-0.001123325,-0.005017057,-0.952141
6.591406822,0.3000721,-0.001126181,-0.005009657,-0.9521335
6.611223221,0.3000947,-0.001123089,-0.004995928,-0.9521263
6.631039620,0.3000891,-0.001126539,-0.004972358,-0.9521282
6.650856495,0.3000662,-0.001121595,-0.004973185,-0.9521354
6.670672894,0.3000628,-0.001113184,-0.004981651,-0.9521366
6.690489292,0.3000988,-0.001098815,-0.004977447,-0.9521251
6.712782383,0.3001395,-0.001099351,-0.004956916,-0.9521126
6.732598782,0.3001369,-0.001105403,-0.004935626,-0.9521134
6.752415180,0.3001197,-0.0011015,-0.004942002,-0.9521188
6.772232056,0.3001542,-0.001108181,-0.004925715,-0.952108
6.792048454,0.3002222,-0.001104746,-0.004930565,-0.9520865
6.811864853,0.300292,-0.001109977,-0.00493972,-0.9520645
6.831681252,0.3002478,-0.001102217,-0.004942995,-0.9520783
6.851497650,0.3001845,-0.001104496,-0.004932574,-0.9520985
6.871314049,0.3001259,-0.001099998,-0.004948336,-0.9521168
6.891130924,0.3001074,-0.001106395,-0.004951049,-0.9521226
6.910947323,0.300101,-0.00110609,-0.00494981,-0.9521247
6.930763722,0.3001187,-0.001100499,-0.004923626,-0.9521193
6.950580120,0.3001409,-0.001102471,-0.004912545,-0.9521123
6.972873211,0.3001567,-0.001105226,-0.004915311,-0.9521073
6.992689610,0.3001952,-0.001107006,-0.004915324,-0.9520952
7.012506008,0.3002329,-0.001105508,-0.004905764,-0.9520833
7.032322884,0.3002665,-0.001087272,-0.004909728,-0.9520727
7.052139282,0.3003052,-0.001070511,-0.004913451,-0.9520605
7.071955681,0.3003221,-0.0010732,-0.004900986,-0.9520553
7.091772079,0.3003513,-0.001087137,-0.00489822,-0.952046
7.111588478,0.3003615,-0.001091039,-0.004889912,-0.9520428
7.131404877,0.3003828,-0.00108688,-0.004901742,-0.952036
7.151221752,0.3004202,-0.001079738,-0.004896917,-0.9520243
7.171038151,0.3004588,-0.001074118,-0.004881483,-0.9520122
7.190854549,0.3004518,-0.001068625,-0.004869442,-0.9520144
7.210670948,0.300439,-0.001079634,-0.00488084,-0.9520184
7.230487347,0.3004012,-0.001080204,-0.004863916,-0.9520304
7.252780438,0.3003338,-0.001076878,-0.004853988,-0.9520518
7.272596836,0.3002588,-0.001066775,-0.004870197,-0.9520754
7.292413712,0.3002098,-0.001048263,-0.004865265,-0.9520909
7.312230110,0.3001449,-0.001060246,-0.004862709,-0.9521114
7.332046509,0.3001179,-0.001060096,-0.004862324,-0.9521199
7.351862907,0.300104,-0.001060339,-0.004873242,-0.9521241
7.371679306,0.3000889,-0.001066491,-0.004868408,-0.952129
7.391495705,0.3000941,-0.001062919,-0.0048759,-0.9521272
7.411312580,0.3000934,-0.001071474,-0.004871229,-0.9521275
7.431128979,0.3001062,-0.001079781,-0.004875805,-0.9521233
7.450945377,0.3001027,-0.00108228,-0.004882678,-0.9521246
7.470761776,0.3001138,-0.001064671,-0.004883391,-0.952121
7.490578175,0.3001695,-0.001058686,-0.004895136,-0.9521034
7.512872219,0.3002538,-0.001045559,-0.004891155,-0.9520769
7.532688618,0.3002589,-0.001041759,-0.004867496,-0.9520754
7.552505016,0.3002195,-0.001050389,-0.004866466,-0.9520879
7.572321415,0.3001907,-0.001057736,-0.004844421,-0.952097
7.592137814,0.3001641,-0.001046042,-0.004846614,-0.9521053
7.611954689,0.3001599,-0.001041511,-0.004832089,-0.9521068
7.631771088,0.3001396,-0.001037923,-0.004816708,-0.9521132
7.651587486,0.3001288,-0.001056312,-0.004797498,-0.9521168
7.671403885,0.3001102,-0.001069934,-0.004785337,-0.9521226
7.691220284,0.3001577,-0.001074424,-0.004773847,-0.9521077
7.711036682,0.3002063,-0.00108615,-0.004767326,-0.9520925
7.730853558,0.3002728,-0.001081384,-0.004773822,-0.9520714
7.750669956,0.3003595,-0.001072533,-0.004776475,-0.9520441
7.770486355,0.300444,-0.001085201,-0.004755387,-0.9520175
7.792779923,0.3003829,-0.001093041,-0.004756912,-0.9520367
7.812596798,0.3003266,-0.001100031,-0.004748079,-0.9520545
7.832413197,0.3002939,-0.001095207,-0.004741945,-0.952065
7.852229595,0.30027,-0.001089364,-0.004728817,-0.9520725
7.872045994,0.3002504,-0.001091349,-0.004715627,-0.9520787
7.891862393,0.3002314,-0.001097145,-0.004710804,-0.9520848
7.911678791,0.3002113,-0.001086103,-0.004728702,-0.9520911
7.931495667,0.3001495,-0.001082874,-0.004741455,-0.9521104
7.951312065,0.3000669,-0.001082031,-0.004744365,-0.9521365
7.971128464,0.2999872,-0.00110216,-0.004723581,-0.9521616
7.990944862,0.2999893,-0.001100412,-0.004722288,-0.952161
8.010761261,0.2999873,-0.001098542,-0.004721532,-0.9521616
8.030577660,0.2999879,-0.001094334,-0.004705883,-0.9521616
8.052870750,0.2999648,-0.001086128,-0.00471826,-0.9521688
8.072687626,0.2999523,-0.001101461,-0.004718867,-0.9521727
8.092504025,0.299974,-0.001106856,-0.004717608,-0.9521658
8.112320423,0.2999922,-0.001099753,-0.004707369,-0.9521602
8.132136822,0.3000614,-0.001106855,-0.004696418,-0.9521385
8.151953220,0.3001951,-0.001107707,-0.004686611,-0.9520963
8.171770096,0.3003165,-0.001098581,-0.004679905,-0.9520581
8.191586494,0.3003277,-0.001093542,-0.004668726,-0.9520546
8.211402893,0.3003222,-0.00109128,-0.00467185,-0.9520563
8.231219292,0.3003081,-0.001095407,-0.004672987,-0.9520608
8.251036644,0.3002251,-0.001112523,-0.004690945,-0.9520868
8.270853043,0.3001618,-0.001105402,-0.004675856,-0.9521069
8.290669441,0.3001697,-0.001099926,-0.004658631,-0.9521044
8.310485840,0.3002042,-0.001103067,-0.004672207,-0.9520936
8.332778931,0.300259,-0.001113355,-0.004668166,-0.9520763
8.352595329,0.3003338,-0.001106244,-0.004672096,-0.9520527
8.372411728,0.3004112,-0.001112707,-0.00466516,-0.9520283
8.392228603,0.3003778,-0.001110065,-0.004664877,-0.9520388
8.412045002,0.3002994,-0.001111069,-0.004659226,-0.9520636
8.431861401,0.3002502,-0.001118182,-0.004641758,-0.9520792
8.451677799,0.3002567,-0.001113626,-0.004667338,-0.952077
8.471494198,0.300262,-0.001094261,-0.004694875,-0.9520752
8.491311550,0.3002944,-0.001085899,-0.004690651,-0.952065
8.511127949,0.3003284,-0.001085526,-0.004694229,-0.9520543
8.530944348,0.3003765,-0.001096438,-0.004674123,-0.9520392
8.550760746,0.3003545,-0.001085283,-0.004655247,-0.9520462
8.570577622,0.3003467,-0.001089938,-0.004650453,-0.9520488
8.590394020,0.3003715,-0.001087385,-0.004658027,-0.9520409
8.612687111,0.3004415,-0.001077336,-0.004664022,-0.9520188
8.632503510,0.300483,-0.001078715,-0.004652606,-0.9520057
8.652319908,0.3004482,-0.001071006,-0.004665183,-0.9520166
8.672137261,0.3004206,-0.001058466,-0.00466531,-0.9520254
8.691953659,0.3003315,-0.001049139,-0.004669652,-0.9520534
8.711770058,0.3002247,-0.001052137,-0.004662652,-0.9520872
8.731586456,0.3001359,-0.001046364,-0.004671892,-0.9521151
8.751402855,0.3001971,-0.001043189,-0.004668871,-0.9520959
8.771219731,0.3002701,-0.001038994,-0.004663792,-0.9520729
8.791036129,0.3003148,-0.001039854,-0.004654477,-0.9520588
8.810852528,0.3003288,-0.001030979,-0.004636974,-0.9520544
8.830668926,0.3003469,-0.001036333,-0.004633461,-0.9520488
8.850485325,0.3004383,-0.001037292,-0.004643577,-0.9520199
8.872779370,0.3005473,-0.001039401,-0.004654972,-0.9519854
8.892595768,0.30055,-0.001039307,-0.004636934,-0.9519846
8.912412167,0.3004897,-0.001038161,-0.004632811,-0.9520038
8.932228565,0.3004191,-0.001027343,-0.004639621,-0.9520261
8.952044964,0.3003463,-0.001023755,-0.004630402,-0.952049
8.971861363,0.3002684,-0.001039362,-0.004631827,-0.9520735
8.991678238,0.3002593,-0.001031292,-0.00463514,-0.9520764
9.011494637,0.300332,-0.001039675,-0.004622396,-0.9520535
9.031311035,0.3003975,-0.001053032,-0.004629319,-0.9520328
9.051127434,0.3004478,-0.001039544,-0.004600164,-0.9520171
9.070943832,0.3004968,-0.001038686,-0.004600552,-0.9520016
9.090760231,0.3005404,-0.001035373,-0.004609444,-0.9519878
9.110577107,0.3005632,-0.001046843,-0.004603221,-0.9519807
9.130393505,0.3005915,-0.001051684,-0.004612309,-0.9519717
9.152687073,0.3006378,-0.001038245,-0.004614056,-0.951957
9.172503471,0.30069,-0.001034008,-0.004614935,-0.9519405
9.192320347,0.3006769,-0.001026268,-0.004619939,-0.9519448
9.212136746,0.3005923,-0.001027446,-0.004607618,-0.9519714
9.231953144,0.3005051,-0.001027965,-0.004619565,-0.951999
9.251769543,0.3005211,-0.001024388,-0.004630208,-0.9519938
9.271586895,0.3005495,-0.001022763,-0.004625648,-0.9519849
9.291403294,0.3005916,-0.001014197,-0.004628749,-0.9519716
9.311219692,0.3006454,-0.0009945075,-0.00462257,-0.9519547
9.331036091,0.3007122,-0.0009913357,-0.004619736,-0.9519336
9.350852490,0.3007087,-0.0009943595,-0.004606544,-0.9519348
9.370669365,0.3006917,-0.0009919114,-0.00461367,-0.9519401
9.390485764,0.300681,-0.001010832,-0.004607947,-0.9519435
9.412779331,0.3007174,-0.001006745,-0.004614612,-0.951932
9.432595730,0.3007498,-0.001013437,-0.004589657,-0.9519218
9.452412129,0.3006944,-0.001027093,-0.004583729,-0.9519393
9.472229004,0.300629,-0.001024625,-0.004576061,-0.95196
9.492045403,0.3006201,-0.001028281,-0.004576121,-0.9519629
9.511861801,0.3007026,-0.001023025,-0.004582089,-0.9519367
9.531678200,0.3007784,-0.001020849,-0.00457883,-0.9519129
9.551494599,0.3008029,-0.001015645,-0.004580495,-0.9519051
9.571310997,0.300808,-0.001017976,-0.004581955,-0.9519035
9.591127873,0.3008259,-0.001020105,-0.004588873,-0.9518977
9.610944748,0.3008861,-0.001017559,-0.004565972,-0.9518789
9.630761147,0.3009485,-0.00102698,-0.004557273,-0.9518591
9.650578022,0.3009325,-0.001032537,-0.004566042,-0.9518641
9.670394421,0.3008699,-0.001031475,-0.004581804,-0.951884
9.692687512,0.3008204,-0.001025095,-0.004571637,-0.9518996
9.712504387,0.3007978,-0.001035502,-0.004560436,-0.9519067
9.732321263,0.3007691,-0.001021118,-0.004563322,-0.9519159
9.752137661,0.3007252,-0.001012285,-0.004558919,-0.9519297
9.771954060,0.3006651,-0.00100597,-0.004574989,-0.9519486
9.791770458,0.3006241,-0.00100351,-0.004573911,-0.9519616
9.811586857,0.3005958,-0.001003002,-0.004585104,-0.9519705
9.831403256,0.3005642,-0.0009873015,-0.004591761,-0.9519804
9.851220131,0.3005338,-0.0009812578,-0.004583028,-0.9519901
9.871036530,0.3005058,-0.0009771688,-0.004592143,-0.9519989
9.890852928,0.3004786,-0.0009936446,-0.004584413,-0.9520075
9.910669804,0.300431,-0.001000947,-0.004575339,-0.9520226
9.930486679,0.3003603,-0.0009935021,-0.004611054,-0.9520447
9.952779770,0.3003062,-0.001000834,-0.00464918,-0.9520616
9.972596169,0.3002946,-0.001006074,-0.004592954,-0.9520656
9.992413044,0.3002673,-0.0009914312,-0.004628044,-0.952074
10.012229919,0.3002795,-0.001014641,-0.004621687,-0.9520701
10.032046318,0.3002788,-0.001004742,-0.004626093,-0.9520704
10.051862717,0.3003776,-0.001021899,-0.004630127,-0.9520391
10.071679115,0.3005347,-0.001000425,-0.004668315,-0.9519895
10.091495514,0.3006766,-0.0009924362,-0.004684374,-0.9519446
10.111311913,0.300673,-0.0009967323,-0.004702575,-0.9519455
10.131128788,0.3006625,-0.0009909852,-0.004710869,-0.9519488
10.150945187,0.3006891,-0.0009982563,-0.004691817,-0.9519406
10.170762062,0.3007175,-0.001001695,-0.00469578,-0.9519315
10.190578461,0.3007614,-0.001002286,-0.004708996,-0.9519175
10.210395336,0.3008125,-0.001001914,-0.004707895,-0.9519014
10.232688904,0.3008783,-0.001013919,-0.004700099,-0.9518806
10.252505302,0.3008579,-0.001004409,-0.004703924,-0.9518871
10.272321701,0.3007571,-0.001002133,-0.004706574,-0.951919
10.292138577,0.3006729,-0.001011818,-0.004703225,-0.9519455
10.311954975,0.3007151,-0.001005103,-0.004715764,-0.9519323
10.331771374,0.3007674,-0.0009947148,-0.004710058,-0.9519157
10.351587772,0.3007906,-0.0009975298,-0.004711531,-0.9519082
10.371404171,0.3008132,-0.0009951987,-0.004707665,-0.9519012
10.391220570,0.3008447,-0.001008038,-0.0046926,-0.9518913
10.411037922,0.3008498,-0.001011077,-0.004686491,-0.9518898
10.430854321,0.3008518,-0.0009972029,-0.004696478,-0.9518892
10.450670719,0.3008687,-0.000989394,-0.004689295,-0.9518838
10.470487118,0.3008827,-0.0009740284,-0.00470013,-0.9518793
10.492781162,0.3009141,-0.0009670382,-0.004695158,-0.9518695
10.512597561,0.3009222,-0.0009557381,-0.004690712,-0.9518669
10.532413960,0.3009354,-0.0009652541,-0.004687526,-0.9518628
10.552230358,0.3009402,-0.0009614439,-0.004686009,-0.9518612
10.572047234,0.3009359,-0.0009548265,-0.004695938,-0.9518625
10.591863632,0.3009346,-0.0009556111,-0.004673464,-0.9518631
10.611680031,0.3009789,-0.0009622069,-0.004675487,-0.951849
10.631497383,0.3010349,-0.0009732909,-0.00467727,-0.9518313
10.651313782,0.3010668,-0.0009595124,-0.004683758,-0.9518212
10.671130181,0.3010764,-0.0009518221,-0.004691424,-0.9518181
10.690946579,0.3010721,-0.0009302002,-0.004694594,-0.9518195
10.710762978,0.3010285,-0.000930023,-0.004689709,-0.9518334
10.730579376,0.3009689,-0.0009207063,-0.004693445,-0.9518521
10.750396252,0.3009237,-0.000916726,-0.004685027,-0.9518666
10.772689820,0.3008622,-0.0009231696,-0.00466944,-0.9518859
10.792506218,0.3008039,-0.0009138886,-0.00464221,-0.9519045
10.812322617,0.300807,-0.0009077811,-0.004651116,-0.9519036
10.832139969,0.30083,-0.000912623,-0.004648585,-0.9518964
10.851956368,0.3008345,-0.0009054256,-0.004661756,-0.9518948
10.871772766,0.3008389,-0.0009030405,-0.004647233,-0.9518934
10.891589165,0.3008423,-0.0009032779,-0.004648083,-0.9518924
10.911406040,0.3008109,-0.0009115296,-0.004631169,-0.9519024
10.931222439,0.3007753,-0.0009129349,-0.004650577,-0.9519135
10.951038838,0.3007524,-0.0009037553,-0.004662333,-0.9519207
10.970855713,0.3008906,-0.0009049809,-0.004665175,-0.9518771
10.990672588,0.3010235,-0.0009024418,-0.00466323,-0.951835
11.010488987,0.3010323,-0.0008949045,-0.004669763,-0.9518322
11.032782555,0.3009659,-0.0008987439,-0.00468409,-0.9518532
11.052598953,0.3009073,-0.0008825196,-0.004714487,-0.9518716
11.072415829,0.3008406,-0.0008870581,-0.004698772,-0.9518927
11.092232227,0.3007813,-0.0008736962,-0.004731416,-0.9519112
11.112048626,0.300733,-0.000860319,-0.00473397,-0.9519265
11.131865501,0.3006835,-0.0008466724,-0.004712242,-0.9519423
11.151682377,0.3006232,-0.0008402055,-0.004732431,-0.9519613
11.171498776,0.3005847,-0.0008353526,-0.004762384,-0.9519733
11.191315174,0.3005502,-0.0008390162,-0.004764557,-0.9519842
11.211131573,0.300536,-0.0008230996,-0.004775682,-0.9519886
11.230947971,0.3005224,-0.0008105967,-0.004795026,-0.9519928
11.250764370,0.3005162,-0.0008190128,-0.004796758,-0.9519947
11.270581245,0.3005629,-0.000822112,-0.004802295,-0.9519801
11.290398121,0.3006127,-0.0008143451,-0.004801962,-0.9519643
11.312691212,0.3006592,-0.0008229344,-0.004798512,-0.9519495
11.332508564,0.3007034,-0.0008149241,-0.004797313,-0.9519357
11.352324963,0.3007249,-0.0008158632,-0.004811748,-0.9519287
11.372141361,0.3007161,-0.0008487307,-0.00482613,-0.9519315
11.391957760,0.3007189,-0.0008771167,-0.004831928,-0.9519305
11.411774635,0.3006824,-0.0008868939,-0.004825245,-0.9519421
11.431591034,0.3006065,-0.0009314828,-0.004813329,-0.951966
11.451407909,0.3005357,-0.000974583,-0.004800291,-0.9519885
11.471224308,0.3005705,-0.0009956694,-0.004796461,-0.9519774
11.491041184,0.3006115,-0.0009937565,-0.004810712,-0.9519644
11.510857582,0.3006268,-0.000987218,-0.004795332,-0.9519597
11.530673981,0.3006264,-0.0009872564,-0.004782022,-0.9519599
11.550490379,0.3006262,-0.0009915312,-0.004770921,-0.9519601
11.572784424,0.3006189,-0.0009736337,-0.004784946,-0.9519622
11.592600823,0.3006204,-0.0009683328,-0.004787612,-0.9519618
11.612417698,0.3006053,-0.0009782898,-0.004771885,-0.9519666
11.632234097,0.3005488,-0.0009823665,-0.004764972,-0.9519845
11.652050972,0.3004908,-0.0009822653,-0.004777494,-0.9520028
11.671867371,0.3005399,-0.0009931879,-0.004766872,-0.9519873
11.691683769,0.300599,-0.0009846811,-0.004784934,-0.9519686
11.711501122,0.3006384,-0.0009977028,-0.004770719,-0.9519562
11.731317520,0.3006565,-0.00100787,-0.00478235,-0.9519503
11.751133919,0.3006793,-0.001005696,-0.004770618,-0.9519433
11.770950318,0.3007313,-0.001006871,-0.004760513,-0.9519269
11.790766716,0.3007751,-0.00100215,-0.0047679,-0.9519129
11.810583115,0.3008055,-0.0009944428,-0.004782986,-0.9519033
11.830400467,0.3007976,-0.0009905647,-0.004787021,-0.9519058
11.852693558,0.3008067,-0.0009859392,-0.004769348,-0.951903
11.872510910,0.3007767,-0.000978955,-0.004786818,-0.9519123
11.892327309,0.3007375,-0.0009667213,-0.004766297,-0.9519249
11.912143707,0.3007082,-0.0009675627,-0.004753795,-0.9519342
11.931960106,0.3006766,-0.0009419092,-0.004756304,-0.9519442
11.951776505,0.3006473,-0.0009316035,-0.004753089,-0.9519535
11.971593857,0.3006384,-0.0009329313,-0.004755935,-0.9519563
11.991410255,0.3006648,-0.0009348014,-0.004742254,-0.951948
12.011226654,0.3006952,-0.0009298939,-0.004732983,-0.9519385
12.031043053,0.3007495,-0.0009269138,-0.004734189,-0.9519213
12.050859451,0.3008012,-0.0009226887,-0.004711827,-0.951905
12.070676804,0.3008524,-0.0009296436,-0.004705422,-0.9518889
12.090493202,0.300895,-0.0009494825,-0.004708679,-0.9518754
12.112787247,0.3009335,-0.0009500789,-0.004723201,-0.9518633
12.132603645,0.3009312,-0.0009399211,-0.004722713,-0.9518639
12.152420044,0.3009192,-0.0009407731,-0.004732863,-0.9518676
12.172236443,0.300927,-0.0009277451,-0.004746879,-0.9518652
12.192052841,0.3009468,-0.0009440716,-0.004728759,-0.9518589
12.211870194,0.3009615,-0.0009511522,-0.004721651,-0.9518543
12.231686592,0.3009219,-0.0009438804,-0.004717098,-0.951867
12.251502991,0.3008841,-0.0009215175,-0.004700513,-0.9518789
12.271319389,0.300813,-0.0009056976,-0.004706246,-0.9519014
12.291136265,0.3007335,-0.0008942352,-0.004727177,-0.9519264
12.310953140,0.3006684,-0.0008854711,-0.004725028,-0.951947
12.330769539,0.300626,-0.0008707616,-0.00473742,-0.9519603
12.350585938,0.3005761,-0.0008730666,-0.004740881,-0.9519761
12.370402813,0.3005852,-0.0008658325,-0.004735561,-0.9519733
12.392696381,0.30065,-0.0008788961,-0.004720619,-0.9519528
12.412512779,0.30069,-0.0008815294,-0.004708639,-0.9519402
12.432329178,0.300652,-0.0008950803,-0.004692723,-0.9519523
12.452146530,0.3006229,-0.0009064784,-0.004680085,-0.9519615
12.471962929,0.3005483,-0.0009224989,-0.004683775,-0.9519851
12.491779328,0.300463,-0.0009238311,-0.004678829,-0.9520121
12.511596680,0.3003725,-0.0009161409,-0.004689888,-0.9520405
12.531412602,0.3003751,-0.0009053658,-0.004680429,-0.9520398
12.551229477,0.3003702,-0.0009073652,-0.004671651,-0.9520414
12.571045876,0.3003879,-0.0008945846,-0.004667758,-0.9520358
12.590862751,0.3004317,-0.0008722019,-0.004664777,-0.952022
12.610679150,0.3004606,-0.0008473787,-0.00466424,-0.9520129
12.630496025,0.3004217,-0.0008426253,-0.004663634,-0.9520253
12.650312424,0.3003782,-0.0008379447,-0.004646194,-0.952039
12.672606468,0.3003678,-0.0008458846,-0.004622485,-0.9520425
12.692422867,0.3003899,-0.0008286649,-0.004639522,-0.9520354
12.712239266,0.3004045,-0.0008037476,-0.004650865,-0.9520307
12.732055664,0.3003183,-0.0007547529,-0.004677272,-0.9520579
12.751872540,0.3002451,-0.000733771,-0.004673855,-0.952081
12.771689415,0.3002017,-0.0007207347,-0.004668452,-0.9520947
12.791505814,0.3001777,-0.0007015389,-0.004661998,-0.9521023
12.811322212,0.3001592,-0.000684522,-0.004667521,-0.9521081
12.831139088,0.3002055,-0.000667542,-0.004661108,-0.9520937
12.850955963,0.300262,-0.0006205502,-0.00466461,-0.9520758
12.870772362,0.3002825,-0.0005533882,-0.004672081,-0.9520693
12.890589237,0.3002532,-0.0004433232,-0.004671191,-0.9520786
12.910405636,0.3002236,-0.0003900833,-0.004653463,-0.9520881
12.932699204,0.3002457,-0.0003792579,-0.004627364,-0.9520813
12.952515602,0.3002761,-0.0003549764,-0.004614482,-0.9520717
12.972332955,0.3003293,-0.0003427584,-0.004635993,-0.9520549
12.992149353,0.3004069,-0.0003251807,-0.00466122,-0.9520303
13.011965752,0.3004731,-0.0002802962,-0.004682103,-0.9520092
13.031782150,0.3004429,-0.0002061442,-0.004703764,-0.9520187
13.051599503,0.3003986,-0.0001851408,-0.004719631,-0.9520326
13.071415901,0.3004119,-0.0001891747,-0.004731418,-0.9520284
13.091232300,0.3005134,-0.0001311353,-0.004967181,-0.9519951
13.111048698,0.3005937,-0.0001363725,-0.00498759,-0.9519696
13.130866051,0.3006146,-0.0001196829,-0.00501756,-0.9519629
13.150682449,0.3005934,-6.763746E-05,-0.005083009,-0.9519693
13.170498848,0.3005652,-3.337586E-05,-0.005138737,-0.9519778
13.190315723,0.3005065,-1.212968E-05,-0.005174013,-0.9519961
13.212609291,0.3004194,1.734654E-05,-0.00520471,-0.9520236
13.232425690,0.3004379,6.467065E-05,-0.005209768,-0.9520177
13.252243042,0.3004673,7.291063E-05,-0.005216474,-0.9520084
13.272059441,0.3005133,6.389234E-05,-0.005218111,-0.9519938
13.291875839,0.3006542,6.569047E-05,-0.005215536,-0.9519493
13.311692238,0.3007851,7.827483E-05,-0.005240042,-0.9519078
13.331509590,0.300844,9.370816E-05,-0.005251157,-0.9518892
13.351325989,0.3008757,8.929167E-05,-0.005247302,-0.9518792
13.371142387,0.3009172,8.681019E-05,-0.005254706,-0.951866
13.390958786,0.3010031,9.523787E-05,-0.00525361,-0.9518389
13.410776138,0.3010795,0.00011611,-0.00526709,-0.9518146
13.430592537,0.3011443,0.0001182001,-0.005265385,-0.9517941
13.450408936,0.3011841,0.0001125608,-0.005239427,-0.9517817
13.472702980,0.3012421,0.0001006302,-0.005230096,-0.9517635
13.492519379,0.3012453,0.0001582939,-0.005346288,-0.9517618
13.512336254,0.3013198,0.0001551839,-0.005367038,-0.9517381
13.532153130,0.301318,0.0001486395,-0.005372054,-0.9517385
13.551969528,0.3012909,0.0001388766,-0.005334772,-0.9517473
13.571785927,0.3012653,0.0001439077,-0.005313152,-0.9517556
13.591602802,0.3012182,0.0001363655,-0.00530902,-0.9517705
13.611419678,0.3011651,0.000143511,-0.005316966,-0.9517872
13.631236077,0.3011691,0.0001553819,-0.005312787,-0.9517861
13.651052475,0.3012048,0.000155434,-0.005283112,-0.9517748
13.670869827,0.3012461,0.0001253115,-0.00527074,-0.9517618
13.690686226,0.3012654,0.0001247714,-0.005252148,-0.9517558
13.710502625,0.3012791,0.0001163251,-0.005242791,-0.9517516
13.732796192,0.3012499,0.0001008047,-0.005226689,-0.9517609
13.752613068,0.3011885,9.458742E-05,-0.005206767,-0.9517804
13.772429943,0.3011225,8.933833E-05,-0.005226227,-0.9518012
13.792246342,0.3011277,8.30998E-05,-0.00522229,-0.9517997
13.812062741,0.3011333,7.843373E-05,-0.00521928,-0.9517978
13.831879616,0.3011063,6.540258E-05,-0.00521304,-0.9518064
13.851696491,0.301053,6.805454E-05,-0.005227478,-0.9518232
13.871512890,0.3009978,7.401573E-05,-0.00522767,-0.9518406
13.891329289,0.3009831,7.652143E-05,-0.005214025,-0.9518455
13.911146641,0.3009743,7.663381E-05,-0.005199739,-0.9518482
13.930963040,0.300976,7.202184E-05,-0.005189876,-0.9518478
13.950779438,0.3010019,5.384418E-05,-0.005159472,-0.9518398
13.970596314,0.3010373,4.714268E-05,-0.005126315,-0.9518287
13.990413189,0.3010552,3.975345E-05,-0.005095392,-0.9518233
14.012707233,0.3010687,4.03182E-05,-0.00507725,-0.9518191
14.032523632,0.3010407,4.065452E-05,-0.005052083,-0.951828
14.052340031,0.3009829,2.988603E-05,-0.005035754,-0.9518464
14.072156429,0.3009153,3.490517E-05,-0.005038099,-0.9518678
14.091973782,0.3009169,5.184861E-05,-0.005021871,-0.9518673
14.111790180,0.3009324,5.955387E-05,-0.005038903,-0.9518623
14.131606579,0.3009391,6.271459E-05,-0.005055457,-0.9518602
14.151422977,0.3009219,5.997646E-05,-0.005049206,-0.9518656
14.171240330,0.3009273,4.946003E-05,-0.005033801,-0.951864
14.191056728,0.3009739,4.309683E-05,-0.005008164,-0.9518494
14.210873127,0.3010109,3.989266E-05,-0.004999308,-0.9518377
14.230690479,0.3010665,2.486961E-05,-0.004978575,-0.9518203
14.250506878,0.3011408,1.069908E-05,-0.004962934,-0.9517968
14.270323277,0.301232,1.271838E-05,-0.004942901,-0.9517682
14.292616844,0.3012364,8.451741E-06,-0.004928504,-0.9517668
14.312433720,0.3012341,-1.154797E-06,-0.004907588,-0.9517676
14.332250595,0.3012286,-1.488985E-05,-0.004897337,-0.9517695
14.352066994,0.3012275,-2.480455E-05,-0.004882599,-0.9517699
14.371883392,0.3012167,-3.293903E-05,-0.004874763,-0.9517733
14.391700745,0.3012063,-4.676813E-05,-0.004863266,-0.9517767
14.411517143,0.3011964,-5.24769E-05,-0.00484898,-0.9517798
14.431333542,0.3011736,-6.282327E-05,-0.004842796,-0.9517871
14.451150894,0.3011338,-6.622498E-05,-0.004836584,-0.9517997
14.470967293,0.301083,-5.351217E-05,-0.004866771,-0.9518157
14.490783692,0.3011041,-7.010275E-05,-0.004866587,-0.9518089
14.510600090,0.3011452,-6.683129E-05,-0.004872868,-0.951796
14.530417442,0.3011858,-7.47541E-05,-0.004873618,-0.9517831
14.552711010,0.3012178,-9.528868E-05,-0.004868923,-0.951773
14.572527886,0.3012404,-0.0001177021,-0.004856915,-0.9517659
14.592344284,0.3012299,-0.0001427683,-0.00482893,-0.9517694
14.612161160,0.3012173,-0.0001939589,-0.004796066,-0.9517736
14.631978035,0.3011638,-0.0003340332,-0.004768405,-0.9517906
14.651794434,0.3010615,-0.0004790264,-0.004717135,-0.9518231
14.671611309,0.3009605,-0.0005681741,-0.004671947,-0.9518552
14.691427708,0.3009574,-0.0006159236,-0.004662747,-0.9518561
14.711244583,0.3010193,-0.0005837706,-0.004648425,-0.9518367
14.731060982,0.30105,-0.0005914947,-0.004634755,-0.9518271
14.750877857,0.3010078,-0.0006027266,-0.004638556,-0.9518405
14.770694733,0.3009722,-0.0006064516,-0.004663615,-0.9518515
14.790511131,0.3009447,-0.0005908106,-0.00468884,-0.9518602
14.810328007,0.3009306,-0.0005952077,-0.004686897,-0.9518646
14.832622051,0.3009095,-0.0006084022,-0.004690427,-0.9518713
14.852438450,0.3009052,-0.0006192132,-0.004698247,-0.9518726
14.872254849,0.3009096,-0.0006420611,-0.004673635,-0.9518712
14.892072201,0.3008907,-0.0006428308,-0.004670072,-0.9518772
14.911888600,0.3008703,-0.0006471083,-0.004666191,-0.9518837
14.931704998,0.3008413,-0.0006464901,-0.004661842,-0.951893
14.951522351,0.3008709,-0.000652371,-0.004661405,-0.9518835
14.971338749,0.300911,-0.0006540004,-0.004659458,-0.9518709
14.991155148,0.3008998,-0.0006590811,-0.004647658,-0.9518744
15.010972023,0.3008289,-0.0006672045,-0.004648977,-0.9518969
15.030788898,0.3007572,-0.0006757884,-0.004634015,-0.9519196
15.050605297,0.3006992,-0.0006796417,-0.004630087,-0.9519379
15.070421696,0.3006407,-0.000681627,-0.004635264,-0.9519563
15.092715263,0.3006445,-0.0006841652,-0.004634731,-0.9519551
15.112532616,0.3007174,-0.0006884607,-0.004658429,-0.9519321
15.132349014,0.3007926,-0.0006922753,-0.004651353,-0.9519083
15.152165413,0.3008355,-0.0006884658,-0.004656295,-0.9518948
15.171982765,0.3008845,-0.0006963994,-0.004649806,-0.9518792
15.191799164,0.300967,-0.0007039129,-0.004633056,-0.9518533
15.211615562,0.3010639,-0.000708784,-0.004641403,-0.9518226
15.231432915,0.301156,-0.0007211795,-0.004626097,-0.9517934
15.251249313,0.3011633,-0.0007098272,-0.00464095,-0.9517911
15.271065712,0.3011612,-0.0006073374,-0.004659678,-0.9517917
15.290883064,0.3011793,-0.0005396847,-0.00468683,-0.9517859
15.310699463,0.3012557,-0.0004171557,-0.004716035,-0.9517617
15.330515862,0.3013152,-0.000280923,-0.004792432,-0.9517425
15.350333214,0.3013442,-0.0002041275,-0.004848103,-0.9517331
15.372626782,0.3013642,-0.0001669731,-0.004864945,-0.9517266
15.392443180,0.3013676,-0.0001224047,-0.004904862,-0.9517254
15.412259579,0.3013485,-8.005182E-05,-0.004943681,-0.9517313
15.432076931,0.3013366,-3.277143E-05,-0.004972079,-0.9517348
15.451893330,0.301355,1.560096E-05,-0.004981587,-0.9517289
15.471709728,0.3013878,4.178044E-05,-0.004991409,-0.9517186
15.491527081,0.3014018,5.071142E-05,-0.004987161,-0.9517142
15.511343479,0.3013802,8.253117E-05,-0.005001934,-0.951721
15.531159878,0.3013584,0.0001060905,-0.005002355,-0.9517277
15.550977230,0.3013266,4.450824E-05,-0.005134526,-0.9517372
15.570793629,0.3012631,6.178799E-05,-0.005114702,-0.9517573
15.590610027,0.30122,6.527751E-05,-0.005106823,-0.951771
15.610427380,0.3011995,6.200522E-05,-0.005107536,-0.9517775
15.632720947,0.3011837,6.85717E-05,-0.005097833,-0.9517825
15.652537346,0.3012534,7.413245E-05,-0.005099448,-0.9517604
15.672353745,0.301328,7.095399E-05,-0.005115694,-0.9517369
15.692171097,0.3013498,6.905316E-05,-0.005106224,-0.95173
15.711987496,0.3012152,7.910235E-05,-0.005112307,-0.9517725
15.731804848,0.3010958,7.265381E-05,-0.005101108,-0.9518104
15.751621247,0.3010573,8.321513E-05,-0.005105568,-0.9518225
15.771437645,0.301055,0.0001124826,-0.005109709,-0.9518233
15.791254997,0.3010346,0.0001460968,-0.0051296,-0.9518296
15.811071396,0.3010696,0.0001823894,-0.005139841,-0.9518184
15.830887795,0.3011076,0.0003298409,-0.005213242,-0.951806
15.850704670,0.3010731,0.0003990406,-0.005281061,-0.9518166
15.870521546,0.3010538,0.0003549553,-0.005269624,-0.9518226
15.890337944,0.3010617,0.0003505491,-0.005236088,-0.9518203
15.912631512,0.3011217,0.0003813122,-0.005235602,-0.9518014
15.932448864,0.301155,0.0004294077,-0.005268309,-0.9517907
15.952265263,0.301268,0.0004563234,-0.005302555,-0.9517546
15.972081661,0.3014522,0.0004799406,-0.005304604,-0.9516964
15.991899014,0.301607,0.0004866614,-0.005314985,-0.9516473
16.011715412,0.3016054,0.0005128052,-0.005335937,-0.9516476
16.031532288,0.301592,0.0005446074,-0.005353594,-0.9516517
16.051349163,0.3016082,0.0005620525,-0.005353368,-0.9516466
16.071165562,0.3016293,0.000597204,-0.005356891,-0.9516398
16.090982437,0.3016531,0.0006320669,-0.005377971,-0.9516321
16.110799313,0.301713,0.0006518596,-0.005369795,-0.9516132
16.130615711,0.301776,0.0006444904,-0.005359487,-0.9515933
16.150432587,0.3017935,0.00065629,-0.005353905,-0.9515877
16.172726631,0.3017601,0.0006798371,-0.00538052,-0.9515982
16.192543030,0.301733,0.0007121916,-0.005384627,-0.9516067
16.212359905,0.3016972,0.0007372324,-0.005418291,-0.951618
16.232176781,0.3016762,0.0007417648,-0.005417229,-0.9516245
16.251993179,0.3016724,0.0007284515,-0.005426386,-0.9516258
16.271810055,0.3017116,0.0007171681,-0.005431842,-0.9516132
16.291626930,0.3017395,0.0007114286,-0.005434426,-0.9516044
16.311443329,0.3017156,0.0007250469,-0.005431965,-0.9516119
16.331260204,0.3016891,0.0007340424,-0.005434276,-0.9516204
16.351076603,0.3016003,0.0007362425,-0.005422025,-0.9516486
16.370893955,0.3014582,0.0007365854,-0.005424776,-0.9516937
16.390710354,0.3013152,0.0007476612,-0.005432432,-0.9517388
16.410526753,0.3011738,0.0007604705,-0.005417631,-0.9517836
16.430344105,0.3010541,0.0007552471,-0.005402695,-0.9518216
16.452637673,0.3009216,0.0007604927,-0.005385705,-0.9518636
16.472454548,0.3008177,0.0007675455,-0.00538979,-0.9518964
16.492271423,0.3007128,0.0007828265,-0.005420385,-0.9519295
16.512087822,0.3006766,0.0007805819,-0.005414702,-0.9519409
16.531904221,0.3006589,0.0007891794,-0.005414414,-0.9519464
