Time (s),Gyroscope X (deg/s),Gyroscope Y (deg/s),Gyroscope Z (deg/s),Accelerometer X (g),Accelerometer Y (g),Accelerometer Z (g),Magnetometer X (uT),Magnetometer Y (uT),Magnetometer Z (uT),Barometer (hPa)
0.000000000,0.2589334,0.1825299,-0.2209152,-9.369804E-06,0.007743473,1.007205,-21.49273,-15.31504,-24.15054,998.8391
0.012385368,0.3201669,0.0009917939,-0.2209152,-4.541804E-05,0.009184326,0.9990067,-21.50424,-14.58165,-24.1635,998.8419
0.032201290,0.07523298,0.1825299,-0.2820776,0.0009517663,0.004807039,0.9989788,-21.50424,-14.58165,-24.1635,998.8419
0.052017689,0.1364664,0.1825299,-0.03742781,0.00145015,0.006773659,1.005744,-21.50424,-14.58165,-24.1635,998.8375
0.071834087,0.1976999,0.1220172,-0.2209152,-3.387919E-06,0.00579226,1.005747,-21.50424,-14.58165,-24.1635,998.8375
0.091650009,0.0139995,0.1220172,-0.4044026,0.00146105,0.004825962,1.005734,-21.50424,-14.58165,-24.1635,998.8425
0.111466408,0.2589334,0.2430426,-0.09859026,0.002911309,0.005805017,1.004765,-21.4992,-14.95556,-24.53704,998.8425
0.131282330,0.3201669,0.0615045,-0.1597527,0.0004807932,0.008237602,1.009135,-21.4992,-14.95556,-24.53704,998.8397
0.151098728,0.1364664,0.1825299,-0.2209152,0.003854524,0.01018886,1.003335,-21.4992,-14.95556,-24.53704,998.8397
0.170914650,0.1364664,0.2430426,-0.09859026,-0.0009711278,0.005790741,1.0072,-21.87548,-14.59285,-24.54213,998.8409
0.190731049,0.1364664,0.1220172,-0.2209152,0.002930962,0.004352447,1.008137,-21.87548,-14.59285,-24.54213,998.8409
0.210547447,0.1364664,0.0615045,-0.09859026,-0.0009793034,0.007251515,1.007208,-21.50341,-14.57323,-23.72015,998.8382
0.232840538,0.3201669,0.1825299,-0.2209152,4.832866E-06,0.007264751,1.010581,-21.50341,-14.57323,-23.72015,998.8382
0.252656460,0.2589334,0.0615045,-0.1597527,0.004336511,0.01214376,1.005273,-21.50341,-14.57323,-23.72015,998.8415
0.272472858,0.1364664,0.1825299,-0.2209152,0.002886229,0.00969807,1.00382,-21.4992,-14.95556,-24.53704,998.8415
0.292289257,0.1976999,0.1825299,-0.03742781,0.0004501953,0.008704606,1.000932,-21.4992,-14.95556,-24.53704,998.8404
0.312105179,0.1976999,-0.1200336,-0.2209152,0.002858425,0.01407805,1.002877,-21.1337,-14.57767,-24.16489,998.8404
0.331921578,0.07523298,0.1220172,-0.09859026,-1.37114E-05,0.009695858,1.009145,-21.1337,-14.57767,-24.16489,998.8394
0.351737499,0.1976999,0.1220172,-0.2209152,-0.001468934,0.005780022,1.003824,-21.1337,-14.57767,-24.16489,998.8394
0.371553898,0.1976999,0.1825299,-0.2209152,-0.0004957216,0.006274324,1.004786,-21.12712,-14.93594,-23.71506,998.8406
0.391370297,0.1976999,0.0009917939,-0.09859026,0.0009632891,0.007748506,1.007199,-21.12712,-14.93594,-23.71506,998.8406
0.411186218,0.07523298,0.1220172,-0.1597527,0.0004654827,0.007737787,1.003823,-21.12712,-14.93594,-23.71506,998.8398
0.431002617,0.07523298,0.0615045,-0.1597527,-0.003899496,0.005279341,1.003352,-21.1337,-14.57767,-24.16489,998.8398
0.450818539,0.2589334,0.0009917939,-0.2209152,-0.001971592,0.01016568,1.006263,-21.1337,-14.57767,-24.16489,998.8428
0.470634937,0.2589334,0.2430426,-0.1597527,0.0004572847,0.007731928,1.00141,-20.81987,-14.94826,-24.53958,998.8428
0.490451336,0.07523298,0.1220172,-0.2820776,-0.001933418,0.004815374,1.008648,-20.81987,-14.94826,-24.53958,998.842
0.512744427,0.1364664,0.1220172,-0.1597527,0.001435948,0.007252381,1.002368,-21.49849,-14.94834,-24.15702,998.842
0.532560349,0.07523298,0.2430426,-0.1597527,0.001411977,0.01212397,1.003358,-21.49849,-14.94834,-24.15702,998.8427
0.552376747,0.1364664,0.2430426,-0.03742781,-0.001945449,0.004317903,1.004302,-21.49849,-14.94834,-24.15702,998.8427
0.572193623,0.07523298,0.1825299,-0.1597527,0.0004409344,0.01065348,1.001425,-21.1337,-14.57767,-24.16489,998.8436
0.592009068,0.1364664,0.1220172,-0.09859026,-8.284114E-06,0.007255377,1.00672,-21.1337,-14.57767,-24.16489,998.8436
0.611825466,0.2589334,0.1220172,-0.2209152,0.004865379,0.006310212,1.008136,-21.1337,-14.57767,-24.16489,998.8425
0.631641388,0.1976999,0.0009917939,-0.1597527,0.003397107,0.006784899,1.006216,-21.12866,-14.95158,-24.53843,998.8425
0.651457787,0.0139995,0.1220172,-0.2209152,0.001445163,0.002370247,0.9970329,-21.12866,-14.95158,-24.53843,998.8472
0.671274662,0.1364664,0.0009917939,-0.09859026,0.0004572847,0.007731928,1.00141,-21.1337,-14.57767,-24.16489,998.8472
0.691090107,0.1364664,0.1220172,-0.09859026,-0.001938314,0.006278491,1.009621,-21.1337,-14.57767,-24.16489,998.8478
0.710906506,0.2589334,-0.05952091,-0.2820776,-0.0009973159,0.008705258,1.004319,-21.1337,-14.57767,-24.16489,998.8478
0.730722428,0.2589334,0.0009917939,-0.2820776,-0.001482006,0.008703913,1.004804,-21.49849,-14.94834,-24.15702,998.847
0.750538826,-0.04723396,0.0615045,-0.1597527,0.002421215,0.009710786,1.010098,-21.49849,-14.94834,-24.15702,998.847
0.770355702,0.2589334,0.1220172,-0.2820776,0.00094306,0.007245177,1.000439,-21.50916,-14.20653,-23.72663,998.8477
0.792648792,0.3201669,0.1825299,-0.2209152,-2.899906E-05,0.01066268,1.006254,-21.50916,-14.20653,-23.72663,998.8477
0.812465191,0.2589334,0.0615045,-0.2209152,0.004354456,0.006290118,1.000899,-21.50916,-14.20653,-23.72663,998.85
0.832281113,0.2589334,0.0615045,-0.2820776,0.002904751,0.005800331,1.002835,-21.50999,-14.21495,-24.16998,998.85
0.852097511,0.07523298,0.0615045,-0.09859026,-0.004868299,0.007232551,1.007711,-21.50999,-14.21495,-24.16998,998.8489
0.871913433,0.07523298,0.1220172,-0.2209152,-3.013015E-05,0.008217508,1.001898,-20.81917,-14.94104,-24.15956,998.8489
0.891729832,0.1976999,0.2430426,-0.2209152,0.0004714867,0.007253206,1.004786,-20.81917,-14.94104,-24.15956,998.8495
0.911546231,0.2589334,0.0615045,-0.2820776,-0.002462331,0.007715655,1.000943,-20.81917,-14.94104,-24.15956,998.8495
0.931362152,0.07523298,0.0615045,-0.1597527,0.001434885,0.00920711,1.005274,-20.82492,-14.57434,-24.16604,998.8488
0.951178551,0.1976999,0.0009917939,-0.2820776,0.00193648,0.006776176,1.005741,-20.82492,-14.57434,-24.16604,998.8488
0.970994950,0.2589334,0.0615045,-0.2209152,0.006778458,0.006786112,0.9994398,-21.50424,-14.58165,-24.1635,998.8494
0.990810871,0.1364664,-0.1200336,-0.3432401,-0.0005344725,0.009668734,0.9990119,-21.50424,-14.58165,-24.1635,998.8494
1.010627270,0.1364664,0.0615045,-0.2209152,0.003877455,0.00873863,1.007671,-21.50424,-14.58165,-24.1635,998.8444
1.030443668,0.1976999,0.0009917939,-0.1597527,0.00192939,0.007748853,1.005263,-20.8322,-14.22329,-24.9959,998.8444
1.052736759,0.07523298,0.0009917939,-0.4044026,0.00142066,0.0082192,0.9994765,-20.8322,-14.22329,-24.9959,998.8489
1.072552681,0.1364664,0.0615045,-0.1597527,-0.003914184,0.009668692,1.006271,-21.19546,-14.57833,-24.16466,998.8489
1.092369080,0.1364664,0.1220172,-0.2820776,-0.002902288,0.002368687,1.005745,-21.19546,-14.57833,-24.16466,998.8495
1.112185478,0.1976999,0.0009917939,-0.2209152,0.002909669,0.005803846,1.004283,-21.19546,-14.57833,-24.16466,998.8495
1.132001400,0.2589334,-0.1200336,-0.1597527,-0.0005175225,0.01016972,1.004807,-21.49849,-14.94834,-24.15702,998.8519
1.151817799,0.1364664,0.0009917939,-0.2209152,1.026015E-05,0.00482427,1.008155,-21.49849,-14.94834,-24.15702,998.8519
1.171634197,0.2589334,0.0009917939,-0.4044026,-0.004389082,0.006741113,1.00481,-21.48865,-15.62783,-24.52516,998.8469
1.191450119,0.1364664,-0.1200336,-0.2209152,-0.001930716,0.002861817,1.006225,-21.48865,-15.62783,-24.52516,998.8469
1.211266518,0.1364664,0.1825299,-0.09859026,-0.003912545,0.009669865,1.006753,-21.48865,-15.62783,-24.52516,998.8478
1.231082916,0.1364664,0.0009917939,-0.03742781,0.001923917,0.00725607,1.002848,-21.50999,-14.21495,-24.16998,998.8478
1.250898838,0.1364664,0.0009917939,-0.1597527,0.001435394,0.006763113,1.0014,-21.50999,-14.21495,-24.16998,998.85
1.270715237,0.1364664,0.1220172,-0.2820776,0.004357203,0.007269826,1.003317,-21.49273,-15.31504,-24.15054,998.85
1.290532112,0.2589334,0.0615045,-0.03742781,0.001928259,0.005303685,1.000907,-21.49273,-15.31504,-24.15054,998.8507
1.310347557,0.1976999,0.0615045,-0.2209152,-0.001962308,0.009683447,1.008191,-21.49273,-15.31504,-24.15054,998.8507
1.332641602,0.1976999,0.0615045,-0.09859026,-0.001964457,0.01212627,1.011582,-21.18466,-15.31894,-24.53172,998.8513
1.352457523,0.1364664,0.0615045,-0.03742781,0.002871496,0.01115416,1.001897,-21.18466,-15.31894,-24.53172,998.8513
1.372273922,0.1364664,-0.05952091,-0.2820776,-0.001470043,0.004801486,1.001888,-21.4992,-14.95556,-24.53704,998.8519
1.392090321,0.1364664,0.0615045,-0.09859026,-0.001956349,0.006265602,1.004312,-21.4992,-14.95556,-24.53704,998.8519
1.411906242,0.07523298,0.1220172,-0.2820776,0.0004458758,0.01212362,1.005294,-21.4992,-14.95556,-24.53704,998.8545
1.431722641,0.2589334,0.1220172,-0.1597527,-2.629682E-05,0.00870912,1.003831,-21.1897,-14.94502,-24.15818,998.8545
1.451539040,0.3201669,0.0009917939,-0.2209152,-0.002458498,0.008207267,1.002876,-21.1897,-14.94502,-24.15818,998.8552
1.471354962,0.1364664,0.1825299,-0.1597527,-0.001515838,0.01210184,1.000478,-21.85777,-15.61738,-23.76374,998.8552
1.491171360,0.1976999,0.1220172,-0.3432401,0.0004769368,0.006279358,1.004781,-21.85777,-15.61738,-23.76374,998.8592
1.510987759,0.1364664,0.0615045,-0.2209152,-0.00442072,0.01062948,1.001934,-21.85777,-15.61738,-23.76374,998.8592
1.530803681,0.0139995,0.1220172,-0.03742781,-0.002459606,0.007228731,1.000941,-21.18466,-15.31894,-24.53172,998.8575
1.550620079,0.2589334,0.1220172,-0.3432401,0.000951258,0.007251036,1.002853,-21.18466,-15.31894,-24.53172,998.8575
1.570436478,0.1976999,0.1825299,-0.1597527,-0.004422382,0.009161673,0.9990306,-21.18466,-15.31894,-24.53172,998.8598
1.592729569,0.07523298,0.0009917939,-0.3432401,-0.0029497,0.0111345,1.006273,-20.81412,-15.31495,-24.5331,998.8598
1.612545967,0.2589334,0.0615045,-0.09859026,0.004850645,0.007766298,1.006213,-20.81412,-15.31495,-24.5331,998.8587
1.632361889,0.1976999,0.1220172,-0.1597527,0.001439227,0.007254725,1.003333,-21.20192,-14.21885,-24.55116,998.8587
1.652178288,0.1976999,0.0009917939,-0.2209152,0.00387741,0.005805364,1.002829,-21.20192,-14.21885,-24.55116,998.8597
1.671995163,0.07523298,-0.05952091,-0.2209152,-2.190936E-05,0.00969,1.006732,-21.20192,-14.21885,-24.55116,998.8597
1.691810608,0.1364664,0.0615045,-0.09859026,0.0009491325,0.01116049,1.008665,-21.86398,-15.32624,-24.52917,998.858
1.711627007,0.07523298,0.0615045,-0.1597527,1.044944E-06,0.009706404,1.01349,-21.86398,-15.32624,-24.52917,998.858
1.731443882,0.1364664,-0.241059,-0.1597527,-0.001959538,0.01212979,1.01303,-21.18395,-15.31172,-24.1517,998.8586
1.751259327,0.2589334,0.1825299,-0.1597527,-0.001982515,0.01064675,1.003852,-21.18395,-15.31172,-24.1517,998.8586
1.771076203,0.1976999,-0.1805463,-0.2209152,0.001918467,0.00822992,1.002853,-21.18395,-15.31172,-24.1517,998.8609
1.790892601,0.1364664,0.0615045,-0.1597527,0.0004573076,0.009198561,1.003831,-21.1897,-14.94502,-24.15818,998.8609
1.810709000,0.1976999,0.0615045,-0.1597527,0.001460519,0.005803326,1.007187,-21.1897,-14.94502,-24.15818,998.8615
1.830524922,0.1976999,0.1825299,-0.2209152,-0.002942079,0.009184458,1.005297,-21.18466,-15.31894,-24.53172,998.8615
1.850341320,0.07523298,0.0615045,-0.2820776,0.0004365926,0.01260586,1.003366,-21.18466,-15.31894,-24.53172,998.8622
1.872634411,0.1976999,0.2430426,-0.2209152,0.0004507492,0.009193874,1.0019,-21.18466,-15.31894,-24.53172,998.8622
1.892450810,0.1976999,0.0615045,-0.4044026,-0.001973763,0.01114188,1.007233,-21.20274,-14.22727,-24.99451,998.8588
1.912267208,0.1976999,0.0615045,-0.1597527,-0.001026229,0.0121067,1.001441,-21.20274,-14.22727,-24.99451,998.8588
1.932083130,0.1976999,0.0615045,-0.2820776,-0.00295194,0.007710795,0.9999806,-21.4992,-14.95556,-24.53704,998.8597
1.951899529,0.1364664,-0.05952091,-0.2209152,-1.211767E-05,0.006763765,1.004786,-21.4992,-14.95556,-24.53704,998.8597
1.971715927,0.1364664,0.2430426,-0.2209152,-0.001010387,0.01162915,1.005299,-21.4992,-14.95556,-24.53704,998.8564
1.991531849,0.0139995,0.0615045,-0.1597527,-0.0005202699,0.009190012,1.002388,-21.19616,-14.58555,-24.54468,998.8564
2.011348248,0.3201669,0.0009917939,-0.2820776,0.0004775142,0.008235259,1.00817,-21.19616,-14.58555,-24.54468,998.8587
2.031164646,0.07523298,0.1825299,-0.2209152,-0.0005022574,0.007736268,1.005277,-21.49344,-15.32226,-24.53056,998.8587
2.050981522,0.0139995,0.0009917939,-0.2820776,-0.005380284,0.009167187,1.00338,-21.49344,-15.32226,-24.53056,998.861
2.070796967,0.1364664,0.0615045,-0.1597527,-0.00147002,0.006268119,1.004309,-21.49344,-15.32226,-24.53056,998.861
2.090613842,0.1364664,0.1220172,-0.1597527,0.0009360155,0.01115112,1.004804,-21.49849,-14.94834,-24.15702,998.8576
2.110430241,0.07523298,0.0009917939,-0.09859026,-0.0005131576,0.009683967,1.005287,-21.49849,-14.94834,-24.15702,998.8576
2.132723331,0.07523298,0.1220172,-0.03742781,-0.0005093017,0.01164221,1.009641,-21.87982,-14.21172,-23.78858,998.8583
2.152539730,0.07523298,0.1220172,-0.1597527,-0.0004732762,0.008734725,1.015418,-21.87982,-14.21172,-23.78858,998.8583
2.172355652,0.1364664,0.0009917939,-0.2209152,-0.0005246347,0.009675764,1.001908,-21.87982,-14.21172,-23.78858,998.8589
2.192172051,0.1976999,-0.05952091,-0.1597527,-2.304022E-05,0.007244831,1.002376,-20.44863,-14.93706,-24.16095,998.8589
2.211988449,0.1364664,0.0615045,-0.09859026,-0.0009858839,0.005780195,1.002856,-20.44863,-14.93706,-24.16095,998.8595
2.231804848,0.1364664,0.364068,-0.03742781,0.002415188,0.008728735,1.006714,-21.1897,-14.94502,-24.15818,998.8595
2.251620770,0.1364664,-0.05952091,-0.09859026,0.001905373,0.009687177,1.001412,-21.1897,-14.94502,-24.15818,998.8561
2.271437168,0.2589334,0.0615045,-0.2820776,0.0009709331,0.007265097,1.008645,-21.1897,-14.94502,-24.15818,998.8561
2.291253567,0.07523298,0.1825299,-0.1597527,0.007742965,0.009718551,1.001863,-21.1897,-14.94502,-24.15818,998.8587
2.311069965,0.3814003,-0.1200336,-0.09859026,0.004363253,0.00971851,1.009122,-21.1897,-14.94502,-24.15818,998.8587
2.330885887,0.07523298,0.0615045,-0.2820776,0.003857803,0.0101912,1.0043,-21.1897,-14.94502,-24.15818,998.8594
2.350702286,0.3201669,0.0615045,-0.2209152,0.0009567309,0.00774382,1.005269,-21.1897,-14.94502,-24.15818,998.8594
2.370519161,0.1364664,-0.05952091,-0.03742781,0.002393342,0.009690866,1.001892,-21.1897,-14.94502,-24.15818,998.8617
2.392812252,0.2589334,0.0615045,-0.1597527,0.0009922022,0.004347066,1.010078,-21.19546,-14.57833,-24.16466,998.8617
2.412628651,0.0139995,-0.1200336,-0.2209152,-2.140086E-05,0.007246003,1.002858,-21.19546,-14.57833,-24.16466,998.8583
2.432445049,0.1364664,0.0615045,-0.1597527,0.0004534742,0.00870695,1.001898,-21.86973,-14.95954,-24.53565,998.8583
2.452260971,0.1976999,0.364068,-0.09859026,0.0009616269,0.006280703,1.004296,-21.86973,-14.95954,-24.53565,998.8589
2.472077370,-0.04723396,0.0009917939,-0.2209152,-0.00439123,0.009183938,1.008202,-21.86973,-14.95954,-24.53565,998.8589
2.491893768,0.3201669,0.2430426,-0.1597527,-0.0009929514,0.008219505,1.004799,-21.49203,-15.30782,-23.77052,998.8595
2.511709690,0.1364664,0.0615045,-0.1597527,0.0004458076,0.007723725,0.9980313,-21.49203,-15.30782,-23.77052,998.8595
2.531526089,0.2589334,0.1220172,-0.1597527,-0.005372109,0.007706413,1.003373,-21.18395,-15.31172,-24.1517,998.8622
2.551342487,0.2589334,0.0009917939,-0.2209152,-0.001962908,0.006260915,1.002381,-21.18395,-15.31172,-24.1517,998.8622
2.571158886,0.07523298,0.0615045,-0.1597527,0.002415233,0.011662,1.011556,-21.18395,-15.31172,-24.1517,998.8628
2.590974808,0.1364664,0.0615045,-0.1597527,0.0009398265,0.0101761,1.004316,-21.19546,-14.57833,-24.16466,998.8628
2.610791207,0.1976999,-0.05952091,-0.1597527,-0.001493483,0.00869571,1.001426,-21.19546,-14.57833,-24.16466,998.8594
2.630607605,0.0139995,0.1825299,-0.1597527,0.001969757,0.002888983,1.0091,-21.50494,-14.58887,-24.54352,998.8594
2.650424481,0.2589334,0.0615045,-0.1597527,-0.001008239,0.009186324,1.001908,-21.50494,-14.58887,-24.54352,998.8617
2.672717571,0.1364664,0.1220172,-0.09859026,-0.0005229497,0.0126102,1.007233,-21.50494,-14.58887,-24.54352,998.8617
2.692533970,0.1364664,0.1825299,-0.09859026,0.002904796,0.008733596,1.007677,-21.4992,-14.95556,-24.53704,998.8623
2.712350369,0.3201669,0.1220172,-0.1597527,-0.002424689,0.003342709,1.004782,-21.4992,-14.95556,-24.53704,998.8623
2.732166290,0.07523298,0.0009917939,-0.1597527,-0.0014951,0.01016117,1.003364,-21.1897,-14.94502,-24.15818,998.863
2.751982689,0.1976999,0.1220172,-0.2820776,0.001435416,0.008229746,1.003821,-21.1897,-14.94502,-24.15818,998.863
2.771799088,0.0139995,0.0615045,-0.2209152,-0.0005039191,0.006268465,1.002373,-21.1897,-14.94502,-24.15818,998.8639
2.791615486,0.2589334,-0.1200336,-0.3432401,-0.001462953,0.003828809,1.002366,-20.81412,-15.31495,-24.5331,998.8639
2.811431408,0.0139995,0.1220172,-0.1597527,-0.0009875013,0.007245656,1.004794,-20.81412,-15.31495,-24.5331,998.8605
2.831247807,0.1976999,0.0615045,-0.03742781,0.005339146,0.006792623,1.00524,-20.81412,-15.31495,-24.5331,998.8605
2.851064205,0.1976999,0.0009917939,-0.1597527,-0.002472101,0.01210852,1.00531,-21.50424,-14.58165,-24.1635,998.8611
2.870881081,0.1976999,0.1825299,-0.2820776,0.001456109,0.003355814,1.001865,-21.50424,-14.58165,-24.1635,998.8611
2.890696526,0.07523298,0.0615045,-0.2820776,0.0009310972,0.0111476,1.003356,-21.50424,-14.58165,-24.1635,998.8578
2.910513401,0.1364664,0.0009917939,-0.2209152,-4.592654E-05,0.01162832,1.002881,-21.50424,-14.58165,-24.1635,998.8578
2.930329800,0.1364664,0.1220172,-0.2209152,0.0009850669,0.002386478,1.004758,-21.50424,-14.58165,-24.1635,998.8584
2.952622891,0.07523298,0.1220172,-0.09859026,0.002910201,0.004826481,1.00283,-21.1897,-14.94502,-24.15818,998.8584
2.972439289,0.1364664,0.1825299,-0.09859026,0.0009507721,0.01116167,1.009148,-21.1897,-14.94502,-24.15818,998.8607
2.992255688,0.1976999,0.1220172,-0.3432401,0.004371383,0.005324472,1.004272,-21.18395,-15.31172,-24.1517,998.8607
3.012071609,0.07523298,0.0615045,-0.1597527,-0.0009962076,0.009683793,1.006255,-21.18395,-15.31172,-24.1517,998.8614
3.031888008,-0.04723396,0.0615045,-0.2209152,0.001921192,0.007742994,1.00285,-21.18395,-15.31172,-24.1517,998.8614
3.051704407,0.07523298,0.1220172,-0.2820776,0.0004583932,0.008710464,1.003346,-21.5107,-14.22217,-24.55,998.8623
3.071520805,0.3201669,0.0615045,-0.2209152,0.001920084,0.006764458,1.000914,-21.5107,-14.22217,-24.55,998.8623
3.091337681,-0.1084674,0.0009917939,-0.2209152,0.004828291,0.01117243,1.005265,-21.18395,-15.31172,-24.1517,998.8645
3.111153126,0.1976999,0.1220172,-0.1597527,0.0009616041,0.004814071,1.001875,-21.18395,-15.31172,-24.1517,998.8645
3.130969524,0.0139995,0.0615045,-0.1597527,0.003407476,0.005814565,1.007659,-21.18395,-15.31172,-24.1517,998.8652
3.150786400,0.1976999,0.0009917939,-0.2209152,0.005333141,0.007277204,1.004277,-21.18466,-15.31894,-24.53172,998.8652
3.170602799,0.1364664,0.1220172,-0.2820776,0.005332078,0.009231932,1.007183,-21.18466,-15.31894,-24.53172,998.8619
3.190418720,0.1364664,-0.05952091,-0.2820776,0.0004523662,0.007728413,0.999962,-21.49778,-14.94113,-23.777,998.8619
3.212712288,0.1976999,-0.1200336,-0.1597527,0.002349141,0.01405912,0.9961227,-21.49778,-14.94113,-23.777,998.8625
3.232528687,0.1364664,0.0009917939,-0.2820776,0.005334226,0.006789108,1.003792,-21.49778,-14.94113,-23.777,998.8625
3.252344608,0.07523298,-0.05952091,-0.09859026,0.003877986,0.007761264,1.006218,-21.50494,-14.58887,-24.54352,998.8648
3.272161007,0.2589334,0.1220172,-0.2209152,-0.002455196,0.009676243,1.006263,-21.50494,-14.58887,-24.54352,998.8648
3.291977406,0.1976999,0.0009917939,-0.2209152,0.004336996,0.00823313,0.9989779,-21.1897,-14.94502,-24.15818,998.8657
3.311793804,0.1364664,0.0009917939,-0.2209152,0.00339713,0.008251532,1.008637,-21.1897,-14.94502,-24.15818,998.8657
3.331610680,0.07523298,0.1220172,-0.1597527,-0.001469997,0.00773475,1.00673,-21.1897,-14.94502,-24.15818,998.8647
3.351426125,0.1976999,0.0009917939,-0.2820776,0.00143701,0.005297652,0.9994614,-21.87477,-14.58563,-24.16211,998.8647
3.371243000,0.07523298,0.0009917939,-0.1597527,-0.0005164596,0.008214992,1.001901,-21.87477,-14.58563,-24.16211,998.8669
3.391059399,0.2589334,0.0615045,-0.2820776,0.0014447,0.007747508,1.005749,-21.50424,-14.58165,-24.1635,998.8669
3.410875797,0.1364664,0.0615045,-0.2820776,-1.867581E-05,0.006759078,1.002856,-21.50424,-14.58165,-24.1635,998.8676
3.430691719,0.2589334,-0.05952091,-0.2209152,-0.000492465,0.004810035,1.003331,-21.50424,-14.58165,-24.1635,998.8676
3.450508118,0.1976999,0.0615045,-0.03742781,-0.00197979,0.01015982,1.003849,-21.50494,-14.58887,-24.54352,998.8642
3.472801685,0.1364664,0.0615045,-0.2209152,-0.0005050048,0.006756561,1.002858,-21.50494,-14.58887,-24.54352,998.8642
3.492617607,0.2589334,0.1825299,-0.2209152,0.001437565,0.005786921,1.000429,-21.49849,-14.94834,-24.15702,998.8648
3.512434006,0.1364664,0.0615045,-0.2209152,-5.303882E-05,0.01113437,0.9999823,-21.49849,-14.94834,-24.15702,998.8648
3.532250404,0.1364664,0.1220172,-0.1597527,-0.001467295,0.005781194,1.004307,-21.49849,-14.94834,-24.15702,998.8672
3.552067280,0.1976999,-0.3015717,-0.1597527,0.0004988969,0.01265039,1.021708,-20.81846,-14.93382,-23.77955,998.8672
3.571883679,0.2589334,0.1825299,-0.1597527,0.004328844,0.01116053,1.001406,-20.81846,-14.93382,-23.77955,998.8664
3.591699600,0.1364664,-0.1200336,-0.2820776,-0.0009454938,0.002386957,1.009113,-21.50424,-14.58165,-24.1635,998.8664
3.611515999,0.07523298,0.2430426,-0.09859026,-0.0009520296,0.003848902,1.009603,-21.50424,-14.58165,-24.1635,998.863
3.631332398,0.1976999,0.2430426,-0.1597527,0.001923317,0.003833537,0.9970378,-21.50424,-14.58165,-24.1635,998.863
3.651148796,0.07523298,0.1220172,-0.09859026,-0.0005186077,0.01065782,1.005292,-21.49344,-15.32226,-24.53056,998.8653
3.670965195,0.1976999,0.0615045,-0.2209152,0.0009720416,0.008243634,1.010581,-21.49344,-15.32226,-24.53056,998.8653
3.690781117,0.2589334,0.1825299,-0.2820776,-0.004391761,0.0101613,1.009655,-21.19546,-14.57833,-24.16466,998.8676
3.710597515,0.1976999,0.2430426,-0.1597527,0.002900963,0.008241984,1.005744,-21.19546,-14.57833,-24.16466,998.8676
3.730413914,0.1976999,0.1825299,-0.1597527,0.002906922,0.004824138,1.001864,-21.19546,-14.57833,-24.16466,998.8625
3.752707958,0.2589334,0.2430426,-0.1597527,0.002417359,0.007752542,1.005744,-21.50424,-14.58165,-24.1635,998.8625
3.772523880,0.1976999,0.1825299,-0.1597527,-0.003904347,0.009675723,1.009167,-21.50424,-14.58165,-24.1635,998.8631
3.792340279,0.1976999,0.0615045,-0.09859026,-0.001459052,0.008720318,1.011562,-21.86902,-14.95233,-24.15563,998.8631
3.812156677,0.07523298,0.2430426,-0.1597527,0.00143597,0.008719014,1.004788,-21.86902,-14.95233,-24.15563,998.8654
3.831973076,0.1976999,0.0615045,-0.1597527,-0.0005011493,0.008714805,1.007212,-21.86902,-14.95233,-24.15563,998.8654
3.851789475,0.1976999,0.1220172,-0.1597527,-0.001016968,0.01015783,1.000948,-21.50424,-14.58165,-24.1635,998.8681
3.871605396,0.07523298,0.1220172,-0.2209152,0.002894405,0.008237297,1.003813,-21.50424,-14.58165,-24.1635,998.8681
3.891421795,0.1976999,0.1220172,-0.1597527,0.0004468933,0.007235629,0.9975461,-21.49427,-15.33068,-24.97391,998.863
3.911238194,-0.04723396,0.1220172,-0.09859026,-0.002432841,0.006270115,1.00721,-21.49427,-15.33068,-24.97391,998.863
3.931054592,0.1976999,0.0615045,-0.1597527,-0.004862849,0.006258703,1.007706,-21.49427,-15.33068,-24.97391,998.8637
3.950871468,0.07523298,-0.05952091,-0.1597527,0.002880225,0.01018265,1.002857,-21.50494,-14.58887,-24.54352,998.8637
3.970686913,0.1976999,0.1825299,-0.09859026,0.002426665,0.008736937,1.010093,-21.50494,-14.58887,-24.54352,998.8626
3.990503788,0.1364664,0.2430426,-0.2209152,0.0009294348,0.0096798,1.000452,-21.50494,-14.58887,-24.54352,998.8626
4.012797356,0.2589334,0.0009917939,-0.09859026,-0.0009924197,0.00724214,1.003346,-20.81987,-14.94826,-24.53958,998.8615
4.032613754,0.1976999,0.2430426,-0.2820776,0.003368771,0.01214224,1.006726,-20.81987,-14.94826,-24.53958,998.8615
4.052429676,0.1364664,0.1825299,0.08489711,0.001429412,0.008714327,1.002858,-20.45591,-14.586,-24.9908,998.8622
4.072246075,0.1975565,0.1220166,-0.2208148,-0.0004951446,0.008230224,1.008175,-20.45591,-14.586,-24.9908,998.8622
4.092062473,0.07472821,0.1218052,-0.03684985,0.002916782,0.006297801,1.007181,-20.45591,-14.586,-24.9908,998.8587
4.111878872,0.3192246,0.3032275,-0.1587175,-0.004887928,0.01015176,1.006761,-21.50494,-14.58887,-24.54352,998.8587
4.131695747,0.1963022,0.06087131,-0.2195391,-0.001977619,0.009183633,1.002879,-21.50494,-14.58887,-24.54352,998.8597
4.151512146,0.07340013,-0.06030691,-0.1578255,-0.001955773,0.008221502,1.007701,-21.50424,-14.58165,-24.1635,998.8597
4.171328068,0.1954521,0.06052805,-0.2796773,0.005338614,0.007769987,1.006693,-21.50424,-14.58165,-24.1635,998.8603
4.191144466,0.01124182,0.1812495,-0.1567655,0.0009709103,0.005798466,1.006224,-21.50424,-14.58165,-24.1635,998.8603
4.210960865,0.194568,0.1205666,-0.4008105,-0.005368299,0.006731392,1.002885,-21.48724,-15.6134,-23.76512,998.8644
4.230777264,0.1942334,0.3018591,-0.2166433,-0.002445958,0.006260741,1.003349,-21.48724,-15.6134,-23.76512,998.8644
4.250593662,0.2550946,0.120076,-0.0938706,0.002418444,0.007264446,1.005258,-20.82645,-14.58998,-24.98942,998.8667
4.270410061,0.009731704,-0.001060921,-0.09351973,0.0009321827,0.01065951,1.00287,-20.82645,-14.58998,-24.98942,998.8667
4.292703152,0.0703613,-0.001076745,-0.09304447,-0.002968844,0.01014307,0.9990277,-20.82645,-14.58998,-24.98942,998.8673
4.312520027,0.1312836,0.0591538,-0.09273407,-0.00149346,0.01016234,1.003847,-21.50424,-14.58165,-24.1635,998.8673
4.332336426,0.1307042,0.1800497,-0.153299,0.001448533,0.00823912,1.007682,-21.50424,-14.58165,-24.1635,998.8639
4.352152348,0.2526316,-0.0623393,-0.1528567,0.00145015,0.006773659,1.005744,-20.82421,-14.56713,-23.78603,998.8639
4.371968746,0.1910521,0.05855776,-0.1523385,0.00191789,0.006274019,0.9994638,-20.82421,-14.56713,-23.78603,998.8648
4.391785145,0.06824004,-0.06265263,-0.1520329,0.001450659,0.004329663,1.00187,-20.82421,-14.56713,-23.78603,998.8648
4.411601544,0.1903243,0.1793086,-0.2739377,0.001917404,0.01018465,1.005759,-20.81999,-14.94946,-24.60292,998.8672
4.431417942,0.2510991,0.1184978,-0.1511938,-0.0009875013,0.007245656,1.004794,-20.81999,-14.94946,-24.60292,998.8672
4.451234341,0.1281555,0.05770664,-0.08957491,-0.002437737,0.007733232,1.008183,-21.49356,-15.32346,-24.59389,998.8694
4.471051216,0.1277954,-0.1239194,-0.08921573,0.0009272865,0.01212262,1.003843,-21.49356,-15.32346,-24.59389,998.8694
4.490866661,0.004988451,-0.1239311,-0.1499047,-1.976104E-05,0.007247174,1.003341,-21.49356,-15.32346,-24.59389,998.8701
4.510683537,0.06605557,-0.1240378,-0.1495091,-0.0005131576,0.009683967,1.005287,-21.1897,-14.94502,-24.15818,998.8701
4.530499935,0.06562068,0.238856,-0.02680879,0.001428327,0.009202423,1.003343,-21.1897,-14.94502,-24.15818,998.8724
4.552793503,0.1263229,0.1780676,-0.2097789,0.003843046,0.01018065,0.9999561,-21.50424,-14.58165,-24.1635,998.8724
4.572609425,0.003500405,0.1776204,-0.20931,-0.003931666,0.01014507,1.001929,-21.50424,-14.58165,-24.1635,998.875
4.592425823,0.003299426,-0.004002767,-0.08651716,-0.004410396,0.00672588,0.9985355,-21.50424,-14.58165,-24.1635,998.875
4.612242222,0.2478407,0.1772225,-0.1473089,-0.001955287,0.004310872,1.001406,-21.18395,-15.31172,-24.1517,998.8716
4.632058621,0.1861579,0.1163218,-0.08566139,0.0004977433,0.008738588,1.01493,-21.18395,-15.31172,-24.1517,998.8716
4.651875496,0.2470779,0.1160679,-0.1464168,-0.00390273,0.008210262,1.007228,-21.19628,-14.58675,-24.60801,998.8723
4.671691895,0.1853971,0.1157385,-0.2073077,0.003398216,0.007763435,1.008152,-21.19628,-14.58675,-24.60801,998.8723
4.691507816,0.00134666,-0.005539619,-0.1456823,-0.001932864,0.005304642,1.009616,-21.19628,-14.58675,-24.60801,998.8672
4.711324215,0.1847362,0.05477811,-0.02299167,0.003862167,0.009705447,1.00478,-20.82574,-14.58277,-24.6094,998.8672
4.731140614,0.1843493,0.1757229,-0.1448558,0.0004485326,0.007236801,0.9980288,-20.82574,-14.58277,-24.6094,998.8718
4.750957012,0.1839633,0.05442719,-0.1445305,0.002428236,0.004338211,1.003313,-21.49849,-14.94834,-24.15702,998.8718
4.770773411,0.1223641,-0.06690581,-0.08294754,-0.000533341,0.0121139,1.003369,-21.49849,-14.94834,-24.15702,998.8725
4.790589810,0.2446776,0.05396466,-0.1436906,-3.942521E-06,0.005302992,1.004779,-21.49849,-14.94834,-24.15702,998.8725
4.810406685,0.1219039,0.1143798,-0.2655588,-0.001445358,0.01068559,1.018812,-21.19546,-14.57833,-24.16466,998.8697
4.832699776,0.1829468,0.2350822,-0.26502,-3.828271E-05,0.01114491,1.004326,-21.19546,-14.57833,-24.16466,998.8697
4.852516175,0.1825067,-0.007197945,-0.08115515,0.00289168,0.008724221,1.003815,-21.19053,-14.95344,-24.60153,998.8689
4.872332573,0.1821062,0.2346619,-0.2031995,-0.001452493,0.008725005,1.013493,-21.19053,-14.95344,-24.60153,998.8689
4.892148972,0.2428825,0.05281953,-0.01922119,0.001888999,0.01114209,0.9990062,-21.19053,-14.95344,-24.60153,998.8679
4.911965370,0.05886064,0.1737693,-0.1411523,-0.001429539,0.00874141,1.02025,-21.49273,-15.31504,-24.15054,998.8679
4.931781292,0.2421442,0.05240265,-0.3242469,0.000503679,0.003854109,1.00863,-21.49273,-15.31504,-24.15054,998.8668
4.951597691,0.2418438,0.05211913,-0.2015112,-2.412591E-05,0.007732927,1.002861,-20.82574,-14.58277,-24.6094,998.8668
4.971414089,-0.003428178,0.2333934,-0.139958,0.000433268,0.009670252,0.9975587,-20.82574,-14.58277,-24.6094,998.86
4.991230965,0.1800502,0.1726556,-0.2618932,1.564203E-05,-0.0005494766,1.000887,-20.82574,-14.58277,-24.6094,998.86
5.011047363,0.1184608,0.1118993,-0.1391219,-0.002922936,0.01017588,1.012543,-21.19546,-14.57833,-24.16466,998.8573
5.030863762,0.05696835,-0.009350056,-0.138715,-0.004402707,0.009175736,1.004823,-21.19546,-14.57833,-24.16466,998.8573
5.050680161,0.1790808,0.05111008,-0.1993949,0.001448488,0.005305855,1.00284,-21.49849,-14.94834,-24.15702,998.8545
5.070496559,0.1785737,-0.1307082,-0.1378661,-0.0005301305,0.007716348,0.9970712,-21.49849,-14.94834,-24.15702,998.8545
5.090312481,0.1782791,0.11131,-0.2597299,0.0009551367,0.01067591,1.009628,-21.49849,-14.94834,-24.15702,998.8494
5.112606049,0.1165421,0.05067279,-0.1368058,-0.002423004,0.006277146,1.010107,-21.87477,-14.58563,-24.16211,998.8494
5.132422924,0.1162111,0.1109063,-0.01411816,0.001934863,0.008241638,1.007679,-21.87477,-14.58563,-24.16211,998.8488
5.152244091,0.2995236,-0.01022655,-0.1361198,0.004434727,0.001947639,1.017287,-21.1897,-14.94502,-24.15818,998.8488
5.172055721,0.299156,0.0499699,-0.01339558,-3.283238E-05,0.01017107,1.004321,-21.1897,-14.94502,-24.15818,998.8477
5.191872120,0.2986355,-0.01064933,-0.1352261,0.00484247,0.009227072,1.00622,-21.1897,-14.94502,-24.15818,998.8477
5.211688042,-0.007993368,0.291732,-0.1347331,0.00240976,0.01116922,1.00914,-21.17916,-15.6173,-24.1463,998.8466
5.231504440,0.35912,-0.07148781,-0.1954037,-4.158425E-05,0.009675938,1.00094,-21.17916,-15.6173,-24.1463,998.8466
5.251320839,0.1750369,0.04950818,-0.1949131,-0.0009880548,0.006756388,1.003826,-21.17916,-15.6173,-24.1463,998.8455
5.271137238,0.1134601,-0.01122374,-0.1945198,-0.001490712,0.01114205,1.006265,-21.49849,-14.94834,-24.15702,998.8455
5.290954113,0.2356999,0.1098108,-0.2552515,-0.0009973387,0.007238625,1.001898,-21.49849,-14.94834,-24.15702,998.8428
5.310770512,0.3575943,0.1095922,-0.1937362,-0.0005071533,0.009199386,1.00625,-21.8756,-14.59405,-24.60546,998.8428
5.330586910,0.173419,-0.07225896,-0.193269,0.0004769145,0.004812725,1.00236,-21.8756,-14.59405,-24.60546,998.8376
5.350403309,0.1729451,-0.01190664,-0.1930333,-0.003402775,0.005778157,1.007213,-21.8756,-14.59405,-24.60546,998.8376
5.372696400,0.1726488,0.169304,-0.1926034,-0.001013158,0.009182808,1.00046,-21.49273,-15.31504,-24.15054,998.8369
5.392512798,0.1110589,0.04800547,-0.1920815,0.0004785995,0.007747161,1.007685,-21.49273,-15.31504,-24.15054,998.8369
5.412329197,0.1108762,-0.01276067,-0.1917144,-0.002938823,0.007720169,1.003842,-21.18325,-15.3045,-23.77168,998.8375
5.432146072,0.1718698,0.1687715,-0.1913099,-0.002475448,0.007706281,0.9970818,-21.18325,-15.3045,-23.77168,998.8375
5.451962471,0.04910602,0.1685946,-0.2519921,-4.814309E-05,0.00967125,0.9990093,-21.18325,-15.3045,-23.77168,998.8381
5.471778870,0.1099856,0.1685131,-0.06817929,-0.004843196,0.004806132,1.011078,-21.18478,-15.32014,-24.59505,998.8381
5.491594792,0.2932945,0.1078053,-0.2512459,-0.001006022,0.0111434,1.00578,-21.18478,-15.32014,-24.59505,998.8371
5.511411190,0.1704949,-0.07398447,-0.1896063,-0.000967317,0.004815721,1.006712,-21.1897,-14.94502,-24.15818,998.8371
5.531227589,0.2313196,-0.07410261,-0.005585462,-0.004855736,0.006752658,1.010605,-21.1897,-14.94502,-24.15818,998.832
5.551043987,0.04734591,-0.1347332,-0.1887517,0.001944146,0.007759399,1.009608,-21.1897,-14.94502,-24.15818,998.832
5.570860386,0.1081914,0.04672534,-0.2496322,0.0009518121,0.007740304,1.003821,-21.50506,-14.59007,-24.60685,998.8326
5.590677261,0.4141256,0.1676715,-0.1268726,0.004349028,0.0087306,1.003325,-21.50506,-14.59007,-24.60685,998.8326
5.610493660,0.1686325,0.1070037,-0.06535318,0.0004704015,0.007741302,1.005271,-21.87477,-14.58563,-24.16211,998.8318
5.630310059,0.04583828,-0.1352398,-0.1873604,-0.001489672,0.007720689,1.000938,-21.87477,-14.58563,-24.16211,998.8318
5.652603150,0.1065964,0.04639539,-0.1257072,-0.001443278,0.00384287,1.008158,-21.87477,-14.58563,-24.16211,998.8342
5.672419548,0.04511452,0.1673423,-0.1865157,-2.793618E-05,0.008707948,1.003348,-21.1897,-14.94502,-24.15818,998.8342
5.692235947,0.04471305,-0.01419802,-0.06374162,-0.0005131576,0.009683967,1.005287,-21.1897,-14.94502,-24.15818,998.8331
5.712052345,0.2281666,0.04627439,-0.1246864,-0.0009787488,0.007740783,1.008175,-21.49273,-15.31504,-24.15054,998.8331
5.731869221,-0.01718643,-0.07484822,-0.1243542,0.0009534517,0.007741476,1.004303,-21.49273,-15.31504,-24.15054,998.832
5.751685620,0.1662304,0.1064028,-0.123946,0.001453938,0.004332006,1.002835,-21.49273,-15.31504,-24.15054,998.832
5.771502018,0.104618,-0.01477568,-0.245883,0.005335866,0.006790279,1.004274,-21.51081,-14.22337,-24.61333,998.8326
5.791318417,-0.01826533,0.106097,-0.0008847415,-0.001459696,0.00236452,1.00091,-21.51081,-14.22337,-24.61333,998.8326
5.811134815,0.04270652,0.1060207,-0.1227659,0.001925557,0.007257242,1.00333,-21.49849,-14.94834,-24.15702,998.8293
5.830950737,0.04248403,-0.0755175,-0.1224193,-0.0004995549,0.005782712,1.002853,-21.49849,-14.94834,-24.15702,998.8293
5.850767136,-0.08024326,0.04545054,-0.1834088,0.002896021,0.006771836,1.001874,-21.49849,-14.94834,-24.15702,998.8286
5.870583534,0.1643924,0.0452984,0.06150953,-0.0004924419,0.006276668,1.005752,-21.49931,-14.95676,-24.60037,998.8286
5.890400410,0.1640758,-0.0759357,-0.3052166,-0.0005186077,0.01065782,1.005292,-21.49931,-14.95676,-24.60037,998.8292
5.912693978,0.1637086,0.1055321,0.001092903,-0.001496739,0.01016,1.002881,-21.50506,-14.59007,-24.60685,998.8292
5.932510376,0.2858607,-0.0156063,-0.1210236,0.004338682,0.01116757,1.004303,-21.50506,-14.59007,-24.60685,998.8281
5.952326775,0.1018078,0.2262368,-0.1819206,-0.001962908,0.006260915,1.002381,-21.50506,-14.59007,-24.60685,998.8281
5.972143650,0.1014176,0.04433968,-0.05923488,-0.0004711961,0.001892003,1.004764,-21.19124,-14.96066,-24.98155,998.8304
5.991959095,0.1622812,0.2257664,-0.1811808,0.0004742346,0.008232915,1.007205,-21.19124,-14.96066,-24.98155,998.8304
6.011775494,-0.02173054,0.1044402,-0.119621,0.001469825,0.006787721,1.011536,-21.18478,-15.32014,-24.59505,998.8311
6.031592369,0.1005219,0.04372221,0.06416661,-0.002442679,0.006263085,1.004314,-21.18478,-15.32014,-24.59505,998.8311
6.051408768,0.03890148,0.04353654,-0.2413461,0.0009605412,0.006768799,1.004781,-21.18478,-15.32014,-24.59505,998.8276
6.071225166,0.09990275,0.103921,0.003564157,-0.001467272,0.007247826,1.006727,-21.51656,-13.85668,-24.61981,998.8276
6.091041565,0.03845688,-0.01717541,-0.05741534,0.002408607,0.007257415,1.002362,-21.51656,-13.85668,-24.61981,998.8265
6.110857964,0.09944007,0.04328536,-0.1181649,0.0004894997,0.005799464,1.007675,-21.49273,-15.31504,-24.15054,998.8265
6.130674362,0.03782245,0.04319572,-0.056629,0.0009534745,0.009208109,1.006724,-21.49273,-15.31504,-24.15054,998.8275
6.150491238,0.09892254,0.1639418,-0.2397631,-0.003907071,0.01016265,1.009169,-21.49273,-15.31504,-24.15054,998.8275
6.172784329,-0.1462907,0.1638017,-0.05579063,-0.0004940366,0.00920876,1.010111,-21.49849,-14.94834,-24.15702,998.8281
6.192600727,0.03718106,-0.01814768,-0.1779563,-0.002949169,0.01015713,1.00482,-21.49849,-14.94834,-24.15702,998.8281
6.212417126,0.2204422,0.163265,-0.361016,0.001452875,0.006286735,1.005741,-21.50577,-14.59728,-24.98687,998.8287
6.232233524,0.2813143,-0.07913869,-0.1159206,0.004857181,0.006304353,1.005723,-21.50577,-14.59728,-24.98687,998.8287
6.252049923,0.09733048,0.2232816,-0.05444787,0.003368703,0.007742343,0.9994634,-21.50577,-14.59728,-24.98687,998.8293
6.271866798,0.1581851,0.0416007,-0.1765785,0.001441929,0.005301168,1.00091,-21.49931,-14.95676,-24.60037,998.8293
6.291683197,0.09668906,0.101952,-0.2374704,0.0009550459,0.004809383,0.9999443,-21.49931,-14.95676,-24.60037,998.826
6.311499596,0.1576797,0.04124032,0.007506851,-0.001484199,0.008213473,1.003354,-21.18395,-15.31172,-24.1517,998.826
6.331315994,0.1574378,0.04113677,-0.114549,-0.002412058,0.007262712,1.014938,-21.18395,-15.31172,-24.1517,998.8266
6.351132393,0.09577063,0.1014322,-0.05302213,-0.002946444,0.009670211,1.004817,-21.18395,-15.31172,-24.1517,998.8266
6.370948792,-0.2719667,0.1622223,-0.1750988,-0.004565695,0.001237299,0.9439654,-21.1897,-14.94502,-24.15818,998.8276
6.390765667,0.09519446,0.2222328,0.008732136,-0.002463925,0.01064775,1.005302,-21.1897,-14.94502,-24.15818,998.8276
6.410582066,0.09489775,0.2825482,-0.1744891,-0.001398455,0.004363776,1.022158,-21.1897,-14.94502,-24.15818,998.8276
6.430398464,0.1559121,0.1007567,-0.2353479,-0.005856822,0.006238435,1.001437,-21.18325,-15.3045,-23.77168,998.8299
6.452691555,0.03325475,0.2215546,0.009774603,-0.000956394,0.004334655,1.009123,-21.18325,-15.3045,-23.77168,998.8304
6.472507954,0.09430865,-0.02071063,-0.1734302,0.0004251155,0.01259766,0.9999872,-21.18395,-15.31172,-24.1517,998.8304
6.492324352,0.216289,0.2211453,-0.05063149,0.002910269,0.009226379,1.010092,-21.18395,-15.31172,-24.1517,998.8328
6.512140751,0.1548776,0.03937491,-0.1114365,0.002393387,0.01262413,1.006734,-21.18395,-15.31172,-24.1517,998.8328
6.531957626,0.09331288,0.1603015,-0.1111183,-2.74051E-05,0.007730583,1.001895,-21.49778,-14.94113,-23.777,998.8334
6.551774025,0.2154687,0.09970924,-0.2943074,0.003860573,0.01263754,1.009139,-21.49778,-14.94113,-23.777,998.8334
6.571590424,0.09261467,-0.02141451,-0.1104843,-0.00344589,0.00965832,1.000959,-21.1897,-14.94502,-24.15818,998.8301
6.591406822,0.2759287,0.1599684,-0.2325702,0.004869189,0.005335191,1.007648,-21.1897,-14.94502,-24.15818,998.8301
6.611223221,0.1531343,-0.02181931,-0.04872938,-0.002948084,0.009669039,1.004335,-21.1897,-14.94502,-24.15818,998.831
6.631039620,-0.03077763,0.0386532,0.01280497,0.005325497,0.007760612,1.002831,-21.49849,-14.94834,-24.15702,998.831
6.650856495,0.2140414,-0.1430389,0.01304154,0.0004807704,0.006770969,1.006714,-21.49849,-14.94834,-24.15702,998.831
6.670672894,0.0913254,0.1594849,-0.2314299,-0.003389127,0.004810167,1.009622,-21.49273,-15.31504,-24.15054,998.8333
6.690489292,0.029882,0.03811611,-0.1700128,-0.0058786,0.01160046,1.003878,-21.49273,-15.31504,-24.15054,998.8333
6.712782383,0.09091573,0.09859714,-0.1698015,0.002447911,0.004352273,1.009105,-21.49273,-15.31504,-24.15054,998.8339
6.732598782,0.151921,0.03795087,-0.1082704,0.002916228,0.005808533,1.006213,-21.49931,-14.95676,-24.60037,998.8362
6.752415180,0.09040217,-0.08326482,-0.2915051,0.0009387184,0.009197563,1.00238,-21.49931,-14.95676,-24.60037,998.8362
6.772232056,0.0289417,0.1587481,-0.230014,0.001940821,0.004823791,1.0038,-21.18325,-15.3045,-23.77168,998.8386
6.792048454,0.3349211,0.1585585,-0.04617952,-0.00537047,0.007707585,1.003855,-21.18325,-15.3045,-23.77168,998.8386
6.811864853,0.2733081,0.03738194,-0.1682158,-0.002979745,0.01209077,0.9990377,-21.18325,-15.3045,-23.77168,998.8395
6.831681252,0.3341821,0.2186363,-0.2289943,-0.001460182,0.006275149,1.007205,-21.50424,-14.58165,-24.1635,998.8395
6.851497650,-0.03363488,0.1578976,-0.1674874,-2.627401E-05,0.01017575,1.006252,-21.50424,-14.58165,-24.1635,998.8384
6.871314049,0.2110182,0.1575962,-0.04491476,-0.0009732982,0.006766934,1.00817,-21.49849,-14.94834,-24.15702,998.8384
6.891130924,0.2106229,0.03647904,-0.04468681,-0.0009651231,0.00530616,1.008163,-21.49849,-14.94834,-24.15702,998.8384
6.910947323,-0.09582331,0.157318,-0.1054298,-0.00147711,0.007240796,1.003831,-21.49849,-14.94834,-24.15702,998.8391
6.930763722,0.08794478,0.1571699,-0.10505,-0.0009913116,0.008220677,1.005282,-21.19053,-14.95344,-24.60153,998.8391
6.950580120,0.1490343,-0.02451576,-0.1658719,-0.002919148,0.00773423,1.009634,-21.19053,-14.95344,-24.60153,998.8414
6.970396519,0.1486794,-0.02464402,0.01778229,-8.838018E-06,0.006766109,1.005752,-21.49273,-15.31504,-24.15054,998.8414
6.992689610,0.2095506,-0.08531497,-0.226649,-4.373281E-05,0.01211876,1.004331,-21.49273,-15.31504,-24.15054,998.842
7.012506008,0.08690356,-0.02496788,-0.1652055,-0.0004815191,0.005795602,1.008163,-21.49273,-15.31504,-24.15054,998.8386
7.032322884,0.1479381,0.3378291,0.07976314,0.0009371014,0.01066302,1.004318,-21.49273,-15.31504,-24.15054,998.8386
7.052139282,0.08639099,0.1559367,-0.2258271,-0.00244321,0.007240449,1.005768,-21.49273,-15.31504,-24.15054,998.8436
7.071955681,0.08628945,0.03474782,-0.04223347,0.00146814,0.003853284,1.006211,-21.19053,-14.95344,-24.60153,998.8436
7.091772079,0.1472487,0.03464152,-0.04176272,-1.860759E-05,0.01115898,1.010118,-21.19053,-14.95344,-24.60153,998.8419
7.111588478,0.269519,-0.08641386,-0.2250876,-1.973822E-05,0.008713807,1.005762,-21.19053,-14.95344,-24.60153,998.8419
7.131404877,0.02423522,0.03450558,-0.1025047,-0.00144762,0.005795255,1.010099,-21.49356,-15.32346,-24.59389,998.8419
7.151221752,0.0852156,-0.02624562,-0.163429,0.000957839,0.008722356,1.007205,-21.49356,-15.32346,-24.59389,998.8425
7.171038151,0.08504011,0.2156812,-0.1018371,-0.005830058,0.005279819,1.007707,-20.82492,-14.57434,-24.16604,998.8425
7.190854549,0.1461369,0.09439924,-0.04043815,0.0009321827,0.01065951,1.00287,-20.82492,-14.57434,-24.16604,998.8391
7.210670948,0.2070227,0.2758903,-0.1626039,-0.002001613,0.01258859,1.001448,-20.82492,-14.57434,-24.16604,998.8391
7.230487347,0.08430512,0.03360265,-0.1010717,-0.00148256,0.008214645,1.003837,-21.50424,-14.58165,-24.1635,998.8357
7.252780438,0.08400945,0.03335584,-0.1617761,-0.002950255,0.01064523,1.005305,-21.50424,-14.58165,-24.1635,998.8386
7.272596836,0.2673259,0.2147152,-0.1003803,-0.004906517,0.009649597,1.000484,-21.86902,-14.95233,-24.15563,998.8386
7.292413712,0.2058633,0.09330276,-0.03886993,-0.002414297,0.003839008,1.008646,-21.86902,-14.95233,-24.15563,998.8392
7.312230110,0.1443244,-0.02767201,0.08361022,0.0009382095,0.01164156,1.006254,-21.86902,-14.95233,-24.15563,998.8392
7.332046509,0.02166813,-0.08826714,-0.2219896,-0.0005180764,0.009680452,1.003839,-21.49931,-14.95676,-24.60037,998.8401
7.351862907,0.08271265,-0.02770378,-0.2215474,0.0009305433,0.01065834,1.002388,-21.49931,-14.95676,-24.60037,998.8401
7.371679306,0.1436807,0.03263164,-0.03781096,0.002896598,0.008727737,1.005263,-20.82492,-14.57434,-24.16604,998.8401
7.391495705,0.02089153,0.0929295,-0.09857143,0.0009648832,0.004816414,1.00284,-20.82492,-14.57434,-24.16604,998.8368
7.411312580,0.0206277,0.03243047,-0.09826646,-0.001001726,0.006257745,0.998997,-20.82492,-14.57434,-24.16604,998.8368
7.431128979,0.08142503,0.03238712,-0.03660775,0.001958326,0.005814046,1.010563,-20.82492,-14.57434,-24.16604,998.8375
7.450945377,0.08114376,-0.02833989,-0.09750542,-1.648208E-05,0.007249518,1.004306,-20.82492,-14.57434,-24.16604,998.8375
7.470761776,-0.1028565,-0.02855361,-0.2806711,-0.003915824,0.00966752,1.005788,-21.18478,-15.32014,-24.59505,998.838
7.490578175,0.2030887,0.1529232,0.02536583,0.0009523889,0.009696204,1.00721,-21.18478,-15.32014,-24.59505,998.838
7.510394573,0.01914753,0.2736216,-0.1578013,0.002443015,0.00581539,1.010077,-21.18478,-15.32014,-24.59505,998.837
7.532688618,0.01893976,0.1522792,-0.03522283,0.004859329,0.003861528,1.002331,-21.19628,-14.58675,-24.60801,998.8393
7.552505016,0.1411669,0.0916881,-0.1572866,-0.001466209,0.005293097,1.003821,-21.19628,-14.58675,-24.60801,998.8393
7.572321415,0.1410431,-0.08994724,-0.1569493,-0.002948615,0.0106464,1.005788,-21.4986,-14.94955,-24.22036,998.8402
7.592137814,0.07962856,0.2125002,-0.03440318,-0.001486924,0.008700397,1.003356,-21.4986,-14.94955,-24.22036,998.8402
7.611954689,0.1408159,0.151739,-0.2175162,0.003880712,0.00727434,1.006216,-21.4986,-14.94955,-24.22036,998.8402
7.631771088,0.01826447,0.151643,-0.2172965,-0.004390168,0.007229209,1.005295,-21.49849,-14.94834,-24.15702,998.8408
7.651587486,0.263114,0.03067378,-0.2170006,0.0004796847,0.007259065,1.0072,-21.49849,-14.94834,-24.15702,998.8408
7.671403885,-0.04340636,-0.09033358,0.02790621,-0.001498402,0.008692195,0.9999776,-21.49849,-14.94834,-24.15702,998.8431
7.691220284,-0.1048577,-0.02982202,-0.09408566,0.001943015,0.005314231,1.005251,-21.49356,-15.32346,-24.59389,998.8431
7.711036682,0.1398205,0.03059458,-0.1549351,0.0009550911,0.007742648,1.004786,-21.49356,-15.32346,-24.59389,998.8455
7.730853558,0.2620132,0.2119229,-0.1546422,-0.003421296,0.009675896,1.008199,-21.4871,-15.68294,-24.2074,998.8455
7.750669956,0.1392921,0.09061243,-0.1544076,-0.0005033426,0.008224366,1.005762,-21.4871,-15.68294,-24.2074,998.842
7.770486355,0.01666762,-0.03052651,0.02923699,0.004352862,0.009222211,1.005258,-21.4871,-15.68294,-24.2074,998.842
7.790302754,0.01641452,0.09057549,-0.09281585,-0.002937737,0.007232073,1.003357,-21.86985,-14.96074,-24.59899,998.8427
7.812596798,0.1386045,-0.0911233,-0.1537738,0.002914034,0.005318093,1.004763,-21.86985,-14.96074,-24.59899,998.8436
7.832413197,0.0160011,0.02988391,-0.1534069,-0.001948152,0.006271461,1.006725,-21.4986,-14.94955,-24.22036,998.8436
7.852229595,-0.04538777,0.2718407,-0.09208967,0.001953938,0.004833166,1.007662,-21.4986,-14.94955,-24.22036,998.8436
7.872045994,0.07688572,-0.0309495,0.213973,0.0005053643,0.006788546,1.013955,-21.4986,-14.94955,-24.22036,998.8442
7.891862393,0.0152478,0.1505523,-0.152963,0.001408675,0.01065499,0.9999719,-21.4986,-14.94955,-24.22036,998.8442
7.911678791,0.01507493,-0.0311928,-0.09139721,-0.001975979,0.009184805,1.003362,-21.4986,-14.94955,-24.22036,998.8466
7.931495667,0.1373888,0.02932238,0.0311572,-0.003911459,0.009181768,1.006268,-21.20132,-14.21284,-24.23447,998.8466
7.951312065,0.1369862,0.02913481,-0.274311,0.002901449,0.004331354,0.9994484,-21.20132,-14.21284,-24.23447,998.8449
7.971128464,0.1366998,-0.09186869,-0.09038459,0.00098241,0.0072733,1.012024,-21.20132,-14.21284,-24.23447,998.8449
7.990944862,0.07527691,0.2106026,-0.09011929,-0.001960692,0.008217987,1.006253,-21.19053,-14.95344,-24.60153,998.8438
8.010761261,-0.1086317,-0.03157807,0.1546417,-0.003889635,0.006753004,1.008669,-21.19053,-14.95344,-24.60153,998.8438
8.030577660,-0.1087242,0.02884304,-0.2122798,-0.002935566,0.006255881,1.002386,-21.4986,-14.94955,-24.22036,998.8461
8.050394535,0.07473017,0.08916937,-0.08967155,-0.0005038972,0.007735097,1.004794,-21.4986,-14.94955,-24.22036,998.8461
8.072687626,0.1969285,-0.03182308,-0.1505232,0.001459433,0.006291422,1.007672,-21.4986,-14.94955,-24.22036,998.847
8.092504025,0.2578982,0.149624,-0.08898288,0.000963798,0.00530451,1.003326,-21.19053,-14.95344,-24.60153,998.847
8.112320423,0.01273967,0.2704636,-0.1499219,0.0009927563,0.004836334,1.011046,-21.19053,-14.95344,-24.60153,998.8477
8.132136822,-0.04871796,0.02828453,-0.02716301,0.0009545372,0.00725338,1.003818,-21.17832,-15.67962,-24.20855,998.8477
8.151953220,0.1347781,0.08861227,-0.2103902,0.00386487,0.00775189,1.002357,-21.17832,-15.67962,-24.20855,998.8443
8.171770096,0.1346704,0.02799101,0.03461505,-0.004852503,0.003821737,1.006728,-21.17832,-15.67962,-24.20855,998.8443
8.191586494,-0.04906064,0.1488891,-0.1486329,0.003377455,0.00823747,1.002845,-20.82504,-14.57555,-24.22938,998.845
8.211402893,0.01198848,0.08824953,-0.08715482,-0.00100496,0.009188667,1.002874,-20.82504,-14.57555,-24.22938,998.845
8.231219292,0.1340601,0.1485977,-0.1480409,0.002439205,0.006790411,1.010565,-21.50353,-14.57443,-23.78348,998.8455
8.251036644,0.01129502,-0.03291461,-0.208966,0.002353528,0.01504,0.9990237,-21.50353,-14.57443,-23.78348,998.8455
8.270853043,-0.05008209,0.08800356,-0.2697766,0.0009687392,0.006774658,1.007194,-21.50353,-14.57443,-23.78348,998.8405
8.290669441,0.07226075,0.08782061,0.0362714,-1.267157E-05,0.006274497,1.003818,-21.49285,-15.31624,-24.21388,998.8405
8.310485840,0.07186792,-0.03329236,-0.1470191,-0.001425751,0.006299756,1.017341,-21.49285,-15.31624,-24.21388,998.8411
8.330302239,0.1939815,-0.03341784,-0.08567955,0.001938164,0.009710613,1.011066,-21.18407,-15.31292,-24.21503,998.8411
8.352595329,0.07123568,0.087474,-0.08522643,-0.0004924419,0.006276668,1.005752,-21.18407,-15.31292,-24.21503,998.8434
8.372411728,0.009727202,-0.03371399,-0.1460597,-1.052348E-05,0.003831672,1.000427,-21.18407,-15.31292,-24.21503,998.8434
8.392228603,0.131939,-0.03393329,0.03779434,0.004841316,0.005315271,0.9994429,-21.50435,-14.58285,-24.22684,998.8444
8.412045002,0.009275451,0.02656959,-0.08435676,-0.003417994,0.01114487,1.011585,-21.50435,-14.58285,-24.22684,998.8444
8.431861401,0.009059951,0.1475663,-0.1453458,-0.001951408,0.007735749,1.008181,-21.18982,-14.94623,-24.22151,998.845
8.451677799,0.3149931,0.08689206,-0.08387616,-0.002455705,0.01212024,1.010137,-21.18982,-14.94623,-24.22151,998.845
8.471494198,0.3146444,0.02606628,-0.1447896,-0.005363357,0.00820154,1.006754,-21.18982,-14.94623,-24.22151,998.8474
8.491311550,0.008263767,0.02586779,-0.08347476,0.0004589472,0.009199733,1.004314,-20.81928,-14.94224,-24.2229,998.8474
8.511127949,0.06934186,0.1466193,0.1000687,0.001431651,0.01213803,1.00915,-20.81928,-14.94224,-24.2229,998.8478
8.530944348,0.06916779,0.02545372,-0.1444293,0.001441998,0.009701066,1.008172,-21.4986,-14.94955,-24.22036,998.8478
8.550760746,0.007779866,0.1461683,-0.08315373,-0.001929076,0.002862989,1.006708,-21.4986,-14.94955,-24.22036,998.8486
8.570577622,0.06870555,-0.03558486,-0.02162889,-0.001458588,0.003343056,1.002846,-21.4986,-14.94955,-24.22036,998.8486
8.590394020,0.007145919,0.1458527,0.03966465,4.832866E-06,0.007264751,1.010581,-21.18549,-15.32736,-24.97507,998.8469
8.612687111,0.06822468,0.1455737,-0.08244602,-0.000972213,0.006278838,1.007685,-21.18549,-15.32736,-24.97507,998.8469
8.632503510,0.06809189,0.08494236,-0.02109573,0.002906944,0.006290771,1.004285,-21.4986,-14.94955,-24.22036,998.8461
8.652319908,-0.05464215,-0.03633429,-0.2045302,0.001415832,0.01408221,1.007712,-21.4986,-14.94955,-24.22036,998.8461
8.672137261,0.06765442,0.0844975,-0.02083652,-0.001967272,0.006746667,1.001901,-21.4986,-14.94955,-24.22036,998.8467
8.691953659,0.06742693,-0.09734777,-0.0819274,0.0009605412,0.006768799,1.004781,-21.87489,-14.58683,-24.22545,998.8467
8.711770058,0.3121915,0.02361811,-0.08166413,0.001436525,0.009208282,1.005756,-21.87489,-14.58683,-24.22545,998.8474
8.731586456,0.250501,0.08393866,-0.0814592,-0.0009695336,0.002858648,1.002841,-21.18325,-15.3045,-23.77168,998.8474
8.751402855,0.1890038,0.02327227,-0.2648764,-0.001945426,0.005784536,1.006723,-21.18325,-15.3045,-23.77168,998.848
8.771219731,0.1886831,-0.09784952,-0.08103123,0.001468117,0.002386652,1.00379,-21.18325,-15.3045,-23.77168,998.848
8.791036129,0.06591546,0.02313665,-0.08065499,-0.0024618,0.006738291,0.9994901,-21.18982,-14.94623,-24.22151,998.8445
8.810852528,0.06586528,-0.03756703,-0.1415957,0.00190976,0.01066806,1.004313,-21.18982,-14.94623,-24.22151,998.8445
8.830668926,0.06560384,0.08343874,-0.1412787,0.00340198,0.003855149,1.002822,-21.18982,-14.94623,-24.22151,998.8452
8.850485325,0.2490819,0.08334325,-0.01882951,-0.00052572,0.01016386,1.002393,-20.81424,-15.31616,-24.59644,998.8452
8.870301724,0.1877036,0.02264023,-0.07977194,-0.0005355349,0.01162346,1.001918,-20.81424,-15.31616,-24.59644,998.8478
8.892595768,0.06507175,0.2646461,-0.14069,0.0009468936,0.007736789,1.002373,-20.83149,-14.21607,-24.61588,998.8478
8.912412167,0.1260842,0.02238671,-0.07923199,0.003388909,0.00677904,1.003802,-20.83149,-14.21607,-24.61588,998.8484
8.932228565,0.0645918,0.08269125,-0.140234,-0.001485285,0.008701569,1.003839,-20.83149,-14.21607,-24.61588,998.8484
8.952044964,0.1256439,0.1429774,-0.1400164,-0.0009716589,0.006768106,1.008653,-21.50435,-14.58285,-24.22684,998.8474
8.971861363,0.06409506,0.08240958,-0.01747438,-0.001983046,0.01162411,1.005305,-21.50435,-14.58285,-24.22684,998.8474
8.991678238,0.1863818,-0.09931642,0.1662681,-0.004393978,0.008204231,1.005783,-21.18407,-15.31292,-24.21503,998.8497
9.011494637,0.002367191,0.08212916,-0.0782425,0.005362077,0.005342395,1.009576,-21.18407,-15.31292,-24.21503,998.8497
9.031311035,0.2470068,-0.03891253,-0.1391893,-0.001468335,0.009202555,1.009634,-21.18407,-15.31292,-24.21503,998.8503
9.051127434,-0.05924255,0.2031412,-0.01661094,-0.00196457,0.00479311,0.9994774,-20.81846,-14.93382,-23.77955,998.8503
9.070943832,0.06300792,0.2634858,-0.1387405,-0.0009820508,0.006271807,1.004789,-20.81846,-14.93382,-23.77955,998.8469
9.090760231,0.1239102,-0.03939726,-0.01612493,-2.685096E-05,0.008219852,1.002863,-21.49356,-15.32346,-24.59389,998.8469
9.110577107,0.06242339,-0.09981097,-0.1384094,0.000969802,0.00481993,1.004288,-21.49356,-15.32346,-24.59389,998.8478
9.130393505,0.0009178966,-0.03931352,-0.07699548,-0.00145471,0.006767932,1.009621,-21.49356,-15.32346,-24.59389,998.8478
9.152687073,0.1233439,-0.1,-0.07672045,-0.006349642,0.01063113,1.006772,-21.85764,-15.68692,-24.20601,998.8502
9.172503471,0.1843639,0.0208966,-0.1375944,0.0004671679,0.01067222,1.009148,-21.85764,-15.68692,-24.20601,998.8502
9.192320347,0.1228405,0.08112887,-0.07614407,0.0004524114,0.01066168,1.004804,-21.50435,-14.58285,-24.22684,998.8525
9.212136746,0.06145255,0.08105823,-0.1372114,0.0004922247,0.005312539,1.007672,-21.50435,-14.58285,-24.22684,998.8525
9.231953144,-1.209974E-05,0.02037998,-0.01467641,-0.00295843,0.01210601,1.005313,-21.50435,-14.58285,-24.22684,998.8547
9.251769543,0.06099078,0.1412782,-0.1367917,0.0005075578,0.007278985,1.015405,-21.49285,-15.31624,-24.21388,998.8547
9.271586895,0.1220134,0.08048686,-0.1366786,-0.004411483,0.007213976,0.9990205,-21.49285,-15.31624,-24.21388,998.8553
9.291403294,-0.1230923,0.08032274,-0.1975748,-2.412591E-05,0.007732927,1.002861,-21.18407,-15.31292,-24.21503,998.8553
9.311219692,0.1217662,0.1405389,-0.07513777,-0.002430161,0.002849926,1.002366,-21.18407,-15.31292,-24.21503,998.852
9.331036091,-0.000852786,-0.04114303,-0.197159,-0.004857929,0.006262219,1.009154,-21.18407,-15.31292,-24.21503,998.852
9.350852490,-0.0009082705,0.1404033,-0.07458865,0.0004469389,0.01016889,1.002388,-20.82421,-14.56713,-23.78603,998.8546
9.370669365,-0.00117489,0.2007536,-0.01323891,0.0009801486,0.002382963,1.00331,-20.82421,-14.56713,-23.78603,998.8546
9.390485764,-0.001364164,0.07985097,-0.01314808,-0.001953002,0.01066784,1.01254,-21.49285,-15.31624,-24.21388,998.8553
9.410302162,0.0597959,0.07972643,-0.257573,0.002904773,0.007266963,1.005256,-21.49285,-15.31624,-24.21388,998.8553
9.432595730,-0.1853068,0.07959623,-0.07378061,0.001429943,0.007736962,1.001405,-21.49285,-15.31624,-24.21388,998.8542
9.452412129,-0.1854566,0.140156,-0.1348154,0.000951258,0.007251036,1.002853,-21.86914,-14.95353,-24.21897,998.8542
9.472229004,-0.001790322,-0.1626075,-0.07346806,3.215857E-06,0.008730212,1.012519,-21.86914,-14.95353,-24.21897,998.8508
9.492045403,-0.06323065,-0.04151572,-0.01206353,-0.0004847762,0.00725989,1.009618,-21.4871,-15.68294,-24.2074,998.8508
9.511861801,0.05912599,0.2004493,-0.1341662,-0.001484222,0.00674684,1.000933,-21.4871,-15.68294,-24.2074,998.8497
9.531678200,0.1814829,-0.04183871,-0.07287809,-1.978385E-05,0.005780542,1.00092,-21.4871,-15.68294,-24.2074,998.8497
9.551494599,0.05875257,0.01851311,-0.01147503,0.003885053,0.005321955,1.004275,-21.18982,-14.94623,-24.22151,998.8503
9.571310997,0.1197424,-0.04221708,-0.0112927,0.001922832,0.007744166,1.003333,-21.18982,-14.94623,-24.22151,998.8503
9.591127873,0.05832347,-0.04235794,-0.07221562,-0.004393932,0.0111375,1.010625,-21.18407,-15.31292,-24.21503,998.8509
9.610944748,-0.06417453,-0.1029542,-0.01085261,0.000951835,0.009206937,1.006242,-21.18407,-15.31292,-24.21503,998.8509
9.630761147,-0.1255736,0.07859541,-0.1329774,-0.00246284,0.01015965,1.004817,-21.18407,-15.31292,-24.21503,998.8502
9.650578022,-0.06448612,-0.04251337,-0.1937292,0.006780698,0.01020982,1.005732,-21.19557,-14.57953,-24.22799,998.8502
9.670394421,0.2414203,0.01784011,-0.01010105,0.002401517,0.008230093,1.001885,-21.19557,-14.57953,-24.22799,998.8486
9.692687512,-0.003714979,0.07815064,-0.1934063,-0.0005208242,0.008700743,1.00142,-21.4986,-14.94955,-24.22036,998.8486
9.712504387,0.1185115,0.01759371,-0.1320462,0.001460496,0.004336693,1.004766,-21.4986,-14.94955,-24.22036,998.8491
9.732321263,-0.00408002,0.0172646,-0.009466618,0.00240699,0.008722876,1.0043,-21.4986,-14.94955,-24.22036,998.8491
9.752137661,0.1183011,0.1380378,-0.192815,-0.0009885866,0.007733752,1.005279,-21.19557,-14.57953,-24.22799,998.8497
9.771954060,0.1792184,0.2589446,-0.1926958,0.001457262,0.007267615,1.008642,-21.19557,-14.57953,-24.22799,998.8497
9.791770458,0.1790183,0.07719314,-0.07004071,-0.0009875461,0.004312391,0.9999524,-21.49778,-14.94113,-23.777,998.8503
9.811586857,0.178761,-0.04402597,-0.1310081,0.000959456,0.007256895,1.005266,-21.49778,-14.94113,-23.777,998.8503
9.831403256,0.2398339,0.0162934,-0.06965112,-0.003397279,0.007737572,1.01205,-21.49778,-14.94113,-23.777,998.851
9.851220131,0.0559158,-0.04435512,0.0528103,-0.003450809,0.009654804,0.9995106,-21.4986,-14.94955,-24.22036,998.851
9.871036530,0.05542945,0.1369145,-0.0694936,0.004879581,0.00583149,1.011512,-21.4986,-14.94955,-24.22036,998.8502
9.890852928,0.1775843,-0.04464433,-0.008175932,-1.867581E-05,0.006759078,1.002856,-21.86832,-14.94511,-23.77562,998.8502
9.910669804,0.5444814,0.4392844,-0.1304035,0.006820533,0.006327311,1.011021,-21.86832,-14.94511,-23.77562,998.8525
9.930486679,0.2378507,0.01542857,-0.1913537,-0.001590264,0.00569331,0.968106,-21.86832,-14.94511,-23.77562,998.8525
9.950303078,0.4823028,-0.04508473,-0.06887474,-0.001555233,0.009140451,0.9840518,-21.4986,-14.94955,-24.22036,998.8514
9.972596169,-0.375155,-0.2870837,-0.1909476,0.00214565,0.002180764,0.9169036,-21.4986,-14.94955,-24.22036,998.8514
9.992413044,-0.1306823,-0.1664011,-0.06845049,-0.007179102,0.01121731,1.049738,-21.189,-14.93781,-23.77816,998.8481
10.012229919,0.4201126,0.3783458,-0.007173821,0.002455069,0.007779493,1.016845,-21.189,-14.93781,-23.77816,998.8481
10.032046318,0.1749888,0.01496557,-0.06822231,-0.001506622,0.007219703,0.9951434,-21.189,-14.93781,-23.77816,998.847
10.051862717,0.1134121,-0.1060594,-0.1292327,-0.001942147,0.005786879,1.007688,-20.80625,-15.66,-23.38657,998.847
10.071679115,0.174188,0.07513721,-0.1288698,-0.005880285,0.008666027,0.9985535,-20.80625,-15.66,-23.38657,998.8459
10.091495514,0.2349841,0.07487251,-0.06765262,-0.002438292,0.007243964,1.007215,-20.80625,-15.66,-23.38657,998.8459
10.111311913,0.1120617,0.07472248,-0.1285108,-0.002903283,0.008723313,1.015914,-21.86256,-15.3118,-23.76914,998.8425
10.131128788,0.05070061,0.07462986,-0.1282074,-0.001473276,0.007732407,1.005765,-21.86256,-15.3118,-23.76914,998.8425
10.150945187,-0.01058327,0.01410071,-0.005522318,0.0004523206,0.004795149,0.9951202,-20.81928,-14.94224,-24.2229,998.8419
10.170762062,-0.01074882,0.07461588,-0.0666517,-0.0004601821,0.007277467,1.016858,-20.81928,-14.94224,-24.2229,998.8419
10.190578461,0.233943,0.1349792,-0.06638833,0.003850136,0.009207977,1.000434,-20.81928,-14.94224,-24.2229,998.8408
10.210395336,0.05011665,-0.1677901,-0.005059212,0.0004518575,0.01017241,1.003836,-21.18407,-15.31292,-24.21503,998.8408
10.232688904,-0.07247258,0.07441172,-0.1883211,0.0004600098,0.007245004,1.001407,-21.18407,-15.31292,-24.21503,998.8414
10.252505302,0.1111022,0.0742058,-0.1270122,-0.00389945,0.008212606,1.008194,-21.50506,-14.59007,-24.60685,998.8414
10.272321701,-0.07283861,0.01356377,-0.06585722,0.000958879,0.005300995,1.001878,-21.50506,-14.59007,-24.60685,998.842
10.292138577,-0.07294405,0.07408044,-0.126835,0.002904796,0.008733596,1.007677,-21.50506,-14.59007,-24.60685,998.842
10.311954975,0.04934078,0.1344451,-0.06537329,0.0004960578,0.005804151,1.009605,-20.81928,-14.94224,-24.2229,998.8427
10.331771374,-0.07321164,-0.0473167,-0.187342,-0.0009826047,0.005782539,1.003821,-20.81928,-14.94224,-24.2229,998.8427
10.351587772,0.04924694,0.01318187,-0.1872173,-0.001016945,0.01162446,1.003369,-21.49356,-15.32346,-24.59389,998.8452
10.371404171,0.2328813,0.07356656,-0.003528759,0.004867527,0.003867387,1.004745,-21.49356,-15.32346,-24.59389,998.8452
10.391220570,0.1101565,0.01304016,-0.06452867,0.0004703787,0.00627467,1.00285,-21.49356,-15.32346,-24.59389,998.8458
10.411037922,0.04872336,-0.1687395,-0.1255676,-0.001485239,0.01163483,1.008681,-21.18982,-14.94623,-24.22151,998.8458
10.430854321,0.04840878,0.07308908,-0.1253675,-0.0005371517,0.01308892,1.003856,-21.18982,-14.94623,-24.22151,998.8425
10.450670719,-0.01298463,0.2543867,-0.002766199,0.004339145,0.005790304,0.9955866,-21.49285,-15.31624,-24.21388,998.8425
10.470487118,0.04816615,0.1331026,0.05855685,-0.00198965,0.008686163,0.9985323,-21.49285,-15.31624,-24.21388,998.8448
10.490303993,0.1091826,0.07231267,-0.1248471,0.001435394,0.006763113,1.0014,-21.49285,-15.31624,-24.21388,998.8448
10.512597561,0.108932,-0.1094677,-0.3080971,-0.001005999,0.01261003,1.008201,-21.18982,-14.94623,-24.22151,998.8454
10.532413960,0.0474443,0.07202236,-0.185402,0.001970865,0.003867519,1.011035,-21.18982,-14.94623,-24.22151,998.8454
10.552230358,0.1085395,-0.1097536,-0.1851477,-3.83053E-05,0.009678282,1.001905,-21.18982,-14.94623,-24.22151,998.8444
10.572047234,0.0470913,0.01111056,-0.001425914,0.001921723,0.00676563,1.001397,-21.18982,-14.94623,-24.22151,998.8444
10.591863632,-0.01406812,0.07165222,-0.001268625,-0.003443188,0.007704762,0.9985352,-21.18982,-14.94623,-24.22151,998.8453
10.611680031,0.04693162,-0.1704645,-0.184676,-0.00243067,0.005293922,1.00624,-21.18407,-15.31292,-24.21503,998.8453
10.631497383,0.04675616,0.01104572,-0.06209856,0.00386219,0.01117208,1.007201,-21.18407,-15.31292,-24.21503,998.8401
10.651313782,-0.07586659,-0.1102163,-0.1843251,0.001933223,0.008240465,1.007197,-21.18982,-14.94623,-24.22151,998.8401
10.671130181,0.2302413,0.1922251,-0.2451015,-0.0009874785,0.008712288,1.007215,-21.18982,-14.94623,-24.22151,998.8408
10.690946579,0.04632818,0.0104132,0.06099968,-0.004874303,0.007717132,1.006749,-21.18982,-14.94623,-24.22151,998.8408
10.710762978,-0.01506007,0.1312985,-0.1223913,-0.0005055366,0.007733925,1.004311,-21.19557,-14.57953,-24.22799,998.8414
10.730579376,0.04611514,0.1310447,-0.0610177,0.0004567762,0.01017592,1.005284,-21.19557,-14.57953,-24.22799,998.8414
10.750396252,0.1072137,0.00982333,-0.06071093,0.0004529431,0.009684313,1.003351,-21.19557,-14.57953,-24.22799,998.8438
10.772689820,0.04585051,-0.0507552,-0.06053945,0.0009468251,0.003336892,0.99511,-21.19557,-14.57953,-24.22799,998.8438
10.792506218,-0.01540191,-0.1720332,-0.06052186,-0.002966119,0.009656149,0.9990252,-21.19557,-14.57953,-24.22799,998.8444
10.812322617,0.1068922,0.191019,0.0008692816,-1.725741E-06,0.007260064,1.00865,-21.49285,-15.31624,-24.21388,998.8444
10.832139969,0.167915,-0.1117772,-0.1825628,-1.431094E-05,0.006273326,1.003336,-21.49285,-15.31624,-24.21388,998.8427
10.851956368,0.1679162,0.009281915,-0.06002921,0.0004278405,0.01211073,0.9999847,-21.19053,-14.95344,-24.60153,998.8427
10.871772766,0.1066071,0.06969529,-0.1210218,-0.0004995095,0.008715977,1.007695,-21.19053,-14.95344,-24.60153,998.8433
10.891589165,-0.0161274,0.1906598,0.06273098,-1.262594E-05,0.009207762,1.00866,-21.19053,-14.95344,-24.60153,998.8433
10.911406040,0.1063609,-0.1120405,-0.1208179,0.0009883691,0.003855455,1.008145,-21.49931,-14.95676,-24.60037,998.8416
10.931222439,0.2285416,0.2510702,-0.120649,-0.003428963,0.008692673,1.004332,-21.49931,-14.95676,-24.60037,998.8416
10.951038838,0.1057699,-0.1122944,-0.1206341,0.001435439,0.009696378,1.006242,-20.44217,-15.29654,-23.77446,998.8425
10.970855713,0.04427077,-0.1123355,-0.2427329,0.000474812,0.01018881,1.010593,-20.44217,-15.29654,-23.77446,998.8425
10.990672588,0.0441212,-0.05203453,-0.05902019,-0.002456858,0.008208439,1.003359,-20.44217,-15.29654,-23.77446,998.8431
11.010488987,-0.0172038,0.008342899,-0.1811778,0.001907035,0.01115498,1.004316,-21.19557,-14.57953,-24.22799,998.8431
11.030305386,0.1661939,0.06879663,-0.1198293,-0.00197434,0.009185976,1.003844,-21.19557,-14.57953,-24.22799,998.8438
11.052598953,0.1044719,0.1290961,-0.05836689,-0.003904946,0.00625319,1.003357,-21.19628,-14.58675,-24.60801,998.8438
11.072415829,-0.01810354,0.007955454,0.002769306,0.00289004,0.008723049,1.003333,-21.19628,-14.58675,-24.60801,998.8444
11.092232227,0.04288709,0.1287899,0.0642512,-0.001019625,0.01504465,1.008213,-21.19628,-14.58675,-24.60801,998.8444
11.112048626,0.1652657,0.1890364,-0.180176,-0.001514221,0.01063638,0.9985397,-21.19628,-14.58675,-24.60801,998.8394
11.131865501,0.0427874,0.007270526,-0.1187916,-0.003914207,0.00820206,1.00385,-21.19628,-14.58675,-24.60801,998.8394
11.151682377,-0.01889935,0.1886195,0.06480198,-0.002906585,0.007254337,1.012528,-21.49778,-14.94113,-23.777,998.84
11.171498776,-0.08039284,0.006949812,-0.1796842,-0.001004983,0.007722034,1.000453,-21.49778,-14.94113,-23.777,998.84
11.191315174,0.1031827,0.1278628,-0.1183969,0.000908697,0.01162047,0.9975661,-21.49778,-14.94113,-23.777,998.8408
11.211131573,0.04161319,0.006535452,-0.05709077,0.0009578161,0.007255723,1.004784,-21.18982,-14.94623,-24.22151,998.8408
11.230947971,0.1638412,0.1273165,0.004099935,0.002899369,0.01117408,1.010103,-21.18982,-14.94623,-24.22151,998.8375
11.250764370,-0.08123483,-0.05427533,0.00422398,0.00045188,0.01163904,1.006257,-21.18982,-14.94623,-24.22151,998.8375
11.270581245,0.04114775,0.1272851,-0.1180348,-0.001038814,0.01111996,0.9961262,-21.18325,-15.3045,-23.77168,998.8381
11.290398121,0.1022778,-0.1149523,-0.1790929,0.0009834729,0.005318572,1.009118,-21.18325,-15.3045,-23.77168,998.8381
11.312691212,-0.1430025,0.005961068,0.1268605,0.001915787,0.01165011,1.007697,-20.81928,-14.94224,-24.2229,998.837
11.332508564,0.04057655,-0.05487051,-0.2400104,-0.0009896262,0.01115511,1.010606,-20.81928,-14.94224,-24.2229,998.837
11.352324963,0.04037868,-0.05484667,0.1271254,0.0004463387,0.006746361,0.9965782,-20.81928,-14.94224,-24.2229,998.8376
11.372141361,0.04002748,-0.1152027,-0.1175174,-0.001975402,0.01114071,1.00675,-21.18982,-14.94623,-24.22151,998.8376
11.391957760,0.2234736,-0.05453373,-0.05611742,-0.001006577,0.01065413,1.004812,-21.18982,-14.94623,-24.22151,998.8342
11.411774635,-0.0216562,-0.1149475,-0.0559573,-0.001000618,0.007236281,1.000933,-21.86914,-14.95353,-24.21897,998.8342
11.431591034,0.222986,-0.2355132,0.06637376,-0.0009721906,0.00774547,1.010106,-21.86914,-14.95353,-24.21897,998.8365
11.451407909,0.2226761,-0.3560233,-0.05592595,-2.791337E-05,0.01017458,1.005769,-21.86914,-14.95353,-24.21897,998.8365
11.471224308,0.09993852,0.007357862,0.00533852,0.001929898,0.005304856,1.001389,-20.81928,-14.94224,-24.2229,998.8358
11.491041184,0.2221737,0.06785204,-0.1167502,-0.003909864,0.006249676,1.001909,-20.81928,-14.94224,-24.2229,998.8358
11.510857582,-0.02277973,0.1282514,0.06681896,-0.004425108,0.009648599,0.9990331,-21.18982,-14.94623,-24.22151,998.8364
11.530673981,0.1609201,-0.05334283,0.06695832,-0.002465033,0.009669213,1.003367,-21.18982,-14.94623,-24.22151,998.8364
11.550490379,0.03827982,0.06774038,-0.1776485,-0.002948638,0.009179771,1.003367,-21.18982,-14.94623,-24.22151,998.8314
11.570307732,0.03814528,0.1885197,-0.05516548,-3.232388E-05,0.007727068,1.000447,-21.19136,-14.96186,-25.04488,998.8314
11.592600823,0.1604854,-0.1143482,-0.05495212,-0.002935012,0.006745148,1.003354,-21.19136,-14.96186,-25.04488,998.832
11.612417698,0.2827992,0.1276667,-0.05473746,0.0009823416,0.002873403,1.004761,-21.19557,-14.57953,-24.22799,998.832
11.632234097,0.03763594,-0.05409697,0.06770569,0.004360505,0.008738803,1.006703,-21.19557,-14.57953,-24.22799,998.8326
11.652050972,-0.02371123,0.127425,-0.05442454,0.0009463849,0.01018079,1.006247,-21.19557,-14.57953,-24.22799,998.8326
11.671867371,0.03750476,0.06693425,-0.1153352,0.001928881,0.01019285,1.009137,-21.18325,-15.3045,-23.77168,998.8315
11.691683769,0.2211301,0.06682321,-0.1761504,-0.005863843,0.01161101,1.008222,-21.18325,-15.3045,-23.77168,998.8315
11.711501122,0.03735496,-0.05416103,0.007491224,0.003848519,0.01067344,1.002372,-21.49285,-15.31624,-24.21388,998.8325
11.731317520,0.03712664,-0.1146517,-0.0535365,-0.0009940367,0.008707602,1.005284,-21.49285,-15.31624,-24.21388,998.8325
11.751133919,0.159558,-0.05409804,-0.05338299,0.00339713,0.008251532,1.008637,-21.49285,-15.31624,-24.21388,998.8331
11.770950318,-0.0241586,-0.1146079,-0.2366979,0.0004611865,0.01262344,1.010606,-21.18407,-15.31292,-24.21503,998.8331
11.790766716,0.03694332,0.006439257,0.008123748,-0.0005137117,0.009194699,1.004319,-21.18407,-15.31292,-24.21503,998.8297
11.810583115,0.09812243,-0.05420351,-0.05288644,0.0004976748,0.00433869,1.007667,-21.189,-14.93781,-23.77816,998.8297
11.830400467,0.09802979,-0.05425735,-0.05273442,0.0004595013,0.009689,1.005281,-21.189,-14.93781,-23.77816,998.832
11.852693558,0.03680777,0.06669335,-0.05239358,0.0004567762,0.01017592,1.005284,-21.189,-14.93781,-23.77816,998.832
11.872510910,0.09787191,-0.05453744,0.009034798,-0.001978659,0.01260499,1.008206,-21.49931,-14.95676,-24.60037,998.8303
11.892327309,-0.2083297,0.1874223,0.009050526,0.00143216,0.009694034,1.005276,-21.49931,-14.95676,-24.60037,998.8303
11.912143707,-0.08578184,0.06621127,-0.05194277,0.002439736,0.005813047,1.009112,-21.4986,-14.94955,-24.22036,998.8309
11.931960106,-0.0245252,0.1263679,-0.05171633,-0.005864466,0.006721845,0.9999915,-21.4986,-14.94955,-24.22036,998.8309
11.951776505,0.03678899,0.1866393,-0.05147132,0.001934308,0.007752369,1.006711,-21.4986,-14.94955,-24.22036,998.8333
11.971593857,0.03677354,0.06556326,-0.05149571,0.0004605865,0.009200905,1.004796,-21.49285,-15.31624,-24.21388,998.8333
11.991410255,0.03685427,0.1260443,-0.2348154,-0.002460137,0.008206096,1.002394,-21.49285,-15.31624,-24.21388,998.8356
12.011226654,-0.02451009,0.1259558,-0.173505,-0.003898942,0.00576861,1.00432,-21.18407,-15.31292,-24.21503,998.8356
12.031043053,0.09792222,0.06529779,-0.1121181,-0.0005447953,0.01357233,1.002411,-21.18407,-15.31292,-24.21503,998.8339
12.050859451,0.03675044,0.004735131,-0.05082774,0.001934817,0.005308372,1.002837,-21.18407,-15.31292,-24.21503,998.8339
12.070676804,-0.02463299,-0.1769478,-0.05073854,-0.002450854,0.007723858,1.004322,-21.18407,-15.31292,-24.21503,998.8365
12.090493202,0.158841,0.0652814,0.01043616,-0.001977019,0.01260617,1.008689,-21.18407,-15.31292,-24.21503,998.8365
12.110309601,-0.02510435,-0.0558129,0.01058275,-0.001964502,0.009193007,1.00674,-21.18982,-14.94623,-24.22151,998.8372
12.132603645,0.03604626,0.004610449,0.0108407,-0.003915824,0.00966752,1.005788,-21.18982,-14.94623,-24.22151,998.8372
12.152420044,0.03587888,-0.05600881,0.01092869,-0.001985263,0.009667042,1.001433,-21.18982,-14.94623,-24.22151,998.8411
12.172236443,0.09702225,0.1859927,-0.05006925,-2.190936E-05,0.00969,1.006732,-21.49356,-15.32346,-24.59389,998.8411
12.192052841,0.09704774,-0.05601225,0.07241978,0.003421701,0.006802476,1.013456,-21.49356,-15.32346,-24.59389,998.8394
12.211870194,-0.08683871,0.1255144,0.07256434,0.00729049,0.007784741,1.008613,-20.45942,-14.19645,-23.7939,998.8394
12.231686592,-0.209376,0.1858639,-0.1719797,-0.0004847762,0.00725989,1.009618,-20.45942,-14.19645,-23.7939,998.84
12.251502991,0.03567991,0.1856062,-0.1718168,-0.001471105,0.006756214,1.004794,-20.45942,-14.19645,-23.7939,998.84
12.271319389,-0.02552769,0.1853872,-0.171731,-0.001009878,0.009185151,1.001426,-21.86914,-14.95353,-24.21897,998.8406
12.291136265,0.09684963,0.1851496,-0.04922445,0.001447979,0.007749852,1.006714,-21.86914,-14.95353,-24.21897,998.8406
12.310953140,0.09677938,0.06388722,0.01211912,0.001432737,0.01164993,1.008665,-21.4986,-14.94955,-24.22036,998.8433
12.330769539,0.2190994,0.1847332,-0.1101786,-0.005870447,0.008673059,1.001449,-21.4986,-14.94955,-24.22036,998.8433
12.350585938,0.03527174,-0.05749635,0.01211584,-0.000521864,0.01212211,1.006747,-21.4986,-14.94955,-24.22036,998.8439
12.370402813,-0.02606945,0.1239201,-0.1713251,0.001917404,0.01018465,1.005759,-21.18325,-15.3045,-23.77168,998.8439
12.392696381,-0.08732547,0.002791587,-0.1099475,-0.001489627,0.01065395,1.00578,-21.18325,-15.3045,-23.77168,998.8445
12.412512779,-0.08724084,-0.1183737,-0.0486434,0.0004480467,0.01114743,1.004324,-21.4986,-14.94955,-24.22036,998.8445
12.432329178,0.09650561,0.06332865,-0.1097797,-0.001017522,0.009668561,0.99998,-21.4986,-14.94955,-24.22036,998.8452
12.452146530,0.03516435,-0.05751387,0.0739641,-0.004392915,0.006249502,1.002877,-21.4986,-14.94955,-24.22036,998.8452
12.471962929,-0.02623426,0.003181197,-0.1094978,-0.002945336,0.01064875,1.006753,-21.50506,-14.59007,-24.60685,998.8417
12.491779328,-0.2100033,-0.1782889,-0.04807968,-0.0005382372,0.01357702,1.004341,-21.50506,-14.59007,-24.60685,998.8417
12.511596680,0.03482354,0.003202956,-0.04793978,-3.553485E-05,0.01212462,1.006745,-21.50506,-14.59007,-24.60685,998.8407
12.531412602,-0.02642044,-0.05745067,0.1969649,0.0004606093,0.01066754,1.007217,-21.18982,-14.94623,-24.22151,998.8407
12.551229477,-0.02646939,0.1241176,-0.04771882,-0.0005262743,0.009674592,1.001425,-21.18982,-14.94623,-24.22151,998.8433
12.571045876,-0.02646051,0.002780575,-0.1699623,-0.004392316,0.009672035,1.008687,-20.81846,-14.93382,-23.77955,998.8433
12.590862751,-0.02650946,0.002355758,-0.1085843,-0.004404878,0.01015193,1.005793,-20.81846,-14.93382,-23.77955,998.8439
12.610679150,0.09606239,0.1231473,-0.1085035,-0.005862826,0.006723017,1.000474,-20.81846,-14.93382,-23.77955,998.8439
12.630496025,0.1573622,0.002040606,-0.1083847,-4.103035E-05,0.01016521,1.001908,-21.49778,-14.94113,-23.777,998.8422
12.650312424,-0.1487197,-0.30068,0.01396277,0.005318385,0.007266657,0.9999331,-21.49778,-14.94113,-23.777,998.8422
12.672606468,0.03513175,0.002105862,-0.04712404,-0.001485862,0.006745668,1.00045,-21.49215,-15.30902,-23.83386,998.8428
12.692422867,-0.02628596,0.1833347,-0.04694816,-0.0005202475,0.01065664,1.004809,-21.49215,-15.30902,-23.83386,998.8428
12.712239266,0.03495581,0.1829504,0.01433222,-0.0009836678,0.007737267,1.006727,-21.49215,-15.30902,-23.83386,998.8435
12.732055664,-0.02621166,0.1218455,0.1367747,-0.001503252,0.01308858,1.005792,-21.86914,-14.95353,-24.21897,998.8435
12.751872540,0.03510682,0.0609889,-0.107873,0.001438164,0.009209454,1.006239,-21.86914,-14.95353,-24.21897,998.8441
12.771689415,0.03511485,0.2423359,-0.1076598,-0.0009902264,0.00773258,1.004797,-21.4986,-14.94955,-24.22036,998.8441
12.791505814,-0.2098302,0.1814806,-0.1686095,-0.003431134,0.009668865,1.005303,-21.4986,-14.94955,-24.22036,998.845
12.811322212,-0.0874707,-0.0004371852,-0.1683014,-0.00197434,0.009185976,1.003844,-21.4986,-14.94955,-24.22036,998.845
12.831139088,0.03511976,0.2413678,-0.1069661,0.002413571,0.0101942,1.008652,-21.18407,-15.31292,-24.21503,998.8456
12.850955963,-0.08728158,0.3012746,-0.04557346,-0.006322945,0.005272616,1.005779,-21.18407,-15.31292,-24.21503,998.8456
12.870772362,-0.1484112,0.7238981,-0.1678224,0.002892788,0.009702757,1.005751,-21.4986,-14.94955,-24.22036,998.8463
12.890589237,-0.08651683,0.4197452,-0.1063346,0.0009676539,0.007262754,1.00768,-21.4986,-14.94955,-24.22036,998.8463
12.910405636,-0.1474371,0.1768686,-0.04500111,-0.003413121,0.008215124,1.008191,-21.4986,-14.94955,-24.22036,998.8469
12.932699204,-0.08584506,0.2977174,-0.0448164,0.000963798,0.00530451,1.003326,-21.49356,-15.32346,-24.59389,998.8469
12.952515602,0.03672204,0.2367231,-0.1058279,-0.001966187,0.006258571,1.001416,-21.49356,-15.32346,-24.59389,998.8475
12.972332955,0.2201573,0.2362427,0.01680114,0.004355032,0.008246019,1.004287,-21.4871,-15.68294,-24.2074,998.8475
12.992149353,0.09736834,0.2962002,-0.04421155,-0.001007108,0.01163149,1.006265,-21.4871,-15.68294,-24.2074,998.8441
13.011965752,-0.02517013,0.2349439,-0.2276647,-0.002935498,0.01065578,1.009649,-21.4871,-15.68294,-24.2074,998.8441
13.031782150,0.2197308,0.5365756,-0.04408572,-0.002920279,0.005289062,1.005277,-21.4986,-14.94955,-24.22036,998.8467
13.051599503,0.09705819,0.05196259,0.1394932,-1.754495E-05,0.009204246,1.007212,-21.4986,-14.94955,-24.22036,998.8467
13.071415901,0.09677602,0.05188907,-0.1050846,-0.002940462,0.007718997,1.003359,-20.81353,-15.30894,-24.21642,998.8456
13.091232300,0.09616546,-0.06958443,0.07846338,-0.002442679,0.006263085,1.004314,-20.81353,-15.30894,-24.21642,998.8456
13.111048698,0.03493199,-0.009071723,-0.04386155,-0.002946467,0.008203579,1.002396,-20.81353,-15.30894,-24.21642,998.8463
13.130866051,0.2798659,0.3540045,-0.04386155,-0.002471592,0.009664524,1.001436,-21.18982,-14.94623,-24.22151,998.8463
13.150682449,0.4023328,0.3540045,-0.04386155,0.000446961,0.01163553,1.004809,-21.18982,-14.94623,-24.22151,998.8486
13.170498848,0.3410994,0.2934918,0.01730092,-0.001968912,0.006745495,1.001418,-21.19557,-14.57953,-24.22799,998.8486
13.190315723,0.2186324,0.1119537,-0.2885114,-0.001489604,0.01212059,1.008201,-21.19557,-14.57953,-24.22799,998.8509
13.212609291,0.03493199,0.1724664,-0.04386155,-0.006355623,0.01258234,1.00823,-21.19557,-14.57953,-24.22799,998.8509
13.232425690,0.09616546,0.1724664,-0.2273489,-0.0009995096,0.008214818,1.002868,-20.81858,-14.93503,-23.84288,998.8516
13.252243042,-0.02630147,0.1119537,-0.105024,-0.003919103,0.009665176,1.004823,-20.81858,-14.93503,-23.84288,998.8516
13.272059441,0.09616546,-0.1300971,-0.04386155,0.000450772,0.01066051,1.004321,-20.80778,-15.67563,-24.20994,998.8525
13.291875839,-0.02630147,-0.009071723,0.01730092,0.0004813245,0.007260237,1.007682,-20.80778,-15.67563,-24.20994,998.8525
13.311692238,0.09616546,0.1119537,-0.1661865,-0.003432242,0.008690329,1.003367,-20.80778,-15.67563,-24.20994,998.8508
13.331509590,-0.08753494,0.1119537,-0.105024,-0.003427877,0.008204577,1.003847,-20.81775,-14.92661,-23.39953,998.8508
13.351325989,0.09616546,0.1119537,0.01730092,-0.001483069,0.01065864,1.00771,-20.81775,-14.92661,-23.39953,998.8491
13.371142387,-0.08753494,0.05144098,-0.105024,-0.00345843,0.01160485,1.000486,-20.81353,-15.30894,-24.21642,998.8491
13.390958786,0.09616546,0.05144098,-0.04386155,-0.001494546,0.01065044,1.004332,-20.81353,-15.30894,-24.21642,998.8514
13.410776138,-0.02630147,0.1119537,0.1396258,-0.00537592,0.008681434,1.00386,-20.81353,-15.30894,-24.21642,998.8514
13.430592537,-0.02630147,-0.1300971,-0.1661865,-0.007327219,0.01062258,1.005329,-21.18336,-15.30571,-23.83502,998.852
13.450408936,-0.02630147,-0.06958443,0.07846338,-0.003897788,0.00968041,1.011097,-21.18336,-15.30571,-23.83502,998.852
13.470225334,0.03493199,0.1119537,-0.04386155,-0.0005322557,0.01162581,1.002883,-20.81353,-15.30894,-24.21642,998.856
13.492519379,-1.250971,0.05144098,0.3842757,-0.02989506,0.049476,1.011927,-20.81353,-15.30894,-24.21642,998.856
13.512336254,0.1573989,0.2329791,-0.1661865,-0.00634262,0.005258555,0.9999865,-20.81353,-15.30894,-24.21642,998.8566
13.532153130,0.09616546,0.05144098,-0.105024,-0.002966074,0.01258941,1.003867,-21.86339,-15.32022,-24.21249,998.8566
13.551969528,-0.08753494,-0.06958443,-0.105024,-0.001972146,0.009676416,1.005295,-21.86339,-15.32022,-24.21249,998.8595
13.571785927,-0.02630147,0.1119537,0.01730092,-0.006814171,0.006733216,1.006754,-21.49931,-14.95676,-24.60037,998.8595
13.591602802,0.03493199,-0.06958443,-0.04386155,-0.001493992,0.01113971,1.0053,-21.49931,-14.95676,-24.60037,998.8619
13.611419678,-0.02630147,-0.1300971,0.01730092,-0.0058895,0.01354816,1.003888,-21.49931,-14.95676,-24.60037,998.8619
13.631236077,-0.1487684,0.1119537,0.01730092,-0.006800545,0.004298593,1.006742,-21.18336,-15.30571,-23.83502,998.8585
13.651052475,0.03493199,-0.06958443,0.01730092,-0.004420742,0.009162846,0.9995133,-21.18336,-15.30571,-23.83502,998.8585
13.670869827,0.03493199,-0.1300971,-0.105024,-0.003457344,0.01111675,1.000001,-21.18336,-15.30571,-23.83502,998.8625
13.690686226,-0.02630147,-0.1300971,0.07846338,-0.007299369,0.009175868,1.011113,-20.81928,-14.94224,-24.2229,998.8625
13.710502625,-0.02630147,-0.009071723,0.1396258,-0.003431134,0.009668865,1.005303,-20.81928,-14.94224,-24.2229,998.8665
13.730319023,0.03493199,-0.1906098,-0.105024,-0.006354583,0.009160982,1.002903,-21.19487,-14.57232,-23.84798,998.8665
13.752613068,-0.02630147,0.05144098,-0.1661865,-0.002955219,0.007708451,0.9990151,-21.19487,-14.57232,-23.84798,998.8631
13.772429943,0.09616546,-0.009071723,-0.2273489,-0.002951894,0.01064406,1.004822,-21.49285,-15.31624,-24.21388,998.8631
13.792246342,-0.08753494,0.1724664,-0.1661865,-0.003416378,0.009679412,1.009647,-21.49285,-15.31624,-24.21388,998.8654
13.812062741,0.09616546,-0.009071723,0.01730092,-0.004373794,0.005774295,1.007701,-21.49285,-15.31624,-24.21388,998.8654
13.831879616,0.09616546,-0.06958443,0.07846338,-0.003913675,0.007224696,1.002397,-21.4979,-14.94233,-23.84034,998.868
13.851696491,0.09616546,-0.1300971,-0.04386155,-0.006805418,0.007228343,1.010135,-21.4979,-14.94233,-23.84034,998.868
13.871512890,-0.08753494,0.1724664,-0.1661865,-0.005890654,0.009636361,0.9971104,-21.4979,-14.94233,-23.84034,998.8703
13.891329289,0.03493199,0.1724664,-0.1661865,-0.004870424,0.01114201,1.013524,-21.19053,-14.95344,-24.60153,998.8703
13.911146641,-0.02630147,-0.009071723,-0.105024,-0.00440982,0.008681781,1.001924,-21.19053,-14.95344,-24.60153,998.8687
13.930963040,-0.02630147,-0.06958443,0.01730092,-0.0004825823,0.00775033,1.011069,-20.81928,-14.94224,-24.2229,998.8687
13.950779438,0.1573989,0.05144098,-0.04386155,-0.00242894,0.01116163,1.016407,-20.81928,-14.94224,-24.2229,998.8692
13.970596314,0.09616546,0.1119537,-0.105024,-0.000568972,0.005244229,0.981613,-20.81928,-14.94224,-24.2229,998.8692
13.990413189,-0.2100019,-0.1300971,-0.2885114,-0.001533365,0.009644952,0.9912945,-21.49285,-15.31624,-24.21388,998.8715
14.010229588,-0.02630147,-0.1300971,-0.105024,-0.0004847534,0.008726523,1.012039,-21.49285,-15.31624,-24.21388,998.8715
14.032523632,-0.02630147,-0.1300971,0.01730092,-0.007306945,0.01405917,1.016931,-21.19487,-14.57232,-23.84798,998.8699
14.052340031,-0.02630147,0.05144098,-0.04386155,-0.003446467,0.007702419,0.9975699,-21.19487,-14.57232,-23.84798,998.8699
14.072156429,-0.02630147,0.05144098,-0.04386155,-2.135523E-05,0.01017927,1.0077,-21.19487,-14.57232,-23.84798,998.8704
14.091973782,0.09616546,0.1119537,0.01730092,-0.007806413,0.01258065,1.010651,-20.81999,-14.94946,-24.60292,998.8704
14.111790180,0.09616546,0.05144098,0.01730092,-3.013015E-05,0.008217508,1.001898,-20.81999,-14.94946,-24.60292,998.8731
14.131606579,0.09616546,0.1119537,-0.04386155,-0.001032233,0.01259128,1.000478,-21.18982,-14.94623,-24.22151,998.8731
14.151422977,-0.02630147,-0.06958443,0.01730092,-0.003936607,0.008674923,0.9980602,-21.18982,-14.94623,-24.22151,998.8737
14.171240330,0.03493199,-0.009071723,-0.04386155,0.0009408661,0.006754737,0.9989889,-21.18982,-14.94623,-24.22151,998.8737
14.191056728,-0.1487684,-0.009071723,0.01730092,-0.0004945907,0.008719493,1.009143,-21.18407,-15.31292,-24.21503,998.872
14.210873127,0.03493199,-0.06958443,-0.1661865,-0.001491798,0.01163015,1.00675,-21.18407,-15.31292,-24.21503,998.872
14.230690479,0.09616546,-0.009071723,-0.04386155,-0.004881416,0.007223177,1.00385,-20.81283,-15.30172,-23.8364,998.8726
14.250506878,-0.1487684,0.2329791,-0.105024,-0.0005120495,0.0106625,1.007223,-20.81283,-15.30172,-23.8364,998.8726
14.270323277,-0.02630147,-0.1300971,-0.1661865,-0.001967781,0.009190664,1.005775,-20.81283,-15.30172,-23.8364,998.875
14.292616844,-0.02630147,-0.1906098,0.07846338,0.001923385,0.008233435,1.004301,-21.18911,-14.93901,-23.8415,998.875
14.312433720,0.09616546,-0.009071723,-0.105024,-0.0009645692,0.005795429,1.009131,-21.18911,-14.93901,-23.8415,998.8715
14.332250595,0.1573989,0.05144098,-0.105024,-0.003391297,0.00578636,1.010592,-21.18911,-14.93901,-23.8415,998.8715
14.352066994,0.03493199,0.05144098,-0.1661865,-0.003402243,0.004800793,1.00576,-21.18911,-14.93901,-23.8415,998.8722
14.371883392,-0.02630147,-0.009071723,-0.2273489,-0.003415292,0.009191316,1.009162,-21.18911,-14.93901,-23.8415,998.8722
14.391700745,-0.08753494,-0.009071723,-0.105024,0.000949641,0.008716498,1.004791,-21.18982,-14.94623,-24.22151,998.8731
14.411517143,0.03493199,0.05144098,-0.04386155,-0.005362825,0.007224175,1.005301,-21.18982,-14.94623,-24.22151,998.8731
14.431333542,-0.02630147,0.1119537,0.01730092,-0.001960138,0.008707255,1.00722,-21.4986,-14.94955,-24.22036,998.8754
14.451150894,-0.02630147,0.05144098,-0.04386155,-0.004899428,0.00867692,1.000962,-21.4986,-14.94955,-24.22036,998.8754
14.470967293,0.09616546,0.05144098,-0.04386155,-0.02684746,0.02074029,1.002592,-21.4986,-14.94955,-24.22036,998.872
14.490783692,0.03493199,-0.06958443,-0.04386155,-0.002460137,0.008206096,1.002394,-21.18407,-15.31292,-24.21503,998.872
14.510600090,-0.08753494,-0.1300971,-0.105024,-0.003924044,0.00819503,1.000954,-21.18407,-15.31292,-24.21503,998.8743
14.530417442,-0.08753494,-0.009071723,-0.105024,-0.002942679,0.005761926,0.9994878,-20.81858,-14.93503,-23.84288,998.8743
14.550233841,0.03493199,0.05144098,-0.1661865,-0.0024503,0.008213126,1.00529,-20.81858,-14.93503,-23.84288,998.875
14.572527886,-0.02630147,-0.2511225,0.07846338,-0.001007639,0.01260886,1.007718,-20.81858,-14.93503,-23.84288,998.875
14.592344284,-0.02630147,-0.1300971,-0.04386155,-0.00293335,0.008212953,1.006258,-21.18911,-14.93901,-23.8415,998.8739
14.612161160,-0.08753494,-0.3721479,-0.105024,-0.00295134,0.01113333,1.00579,-21.18911,-14.93901,-23.8415,998.8739
14.631978035,0.03493199,-1.279838,0.01730092,-0.004437116,0.01061776,0.9971075,-21.50506,-14.59007,-24.60685,998.8762
14.651794434,-0.1487684,-0.7352241,0.07846338,-0.002930071,0.008215297,1.007223,-21.50506,-14.59007,-24.60685,998.8762
14.671611309,-0.02630147,-0.4931734,0.01730092,-0.008786716,0.01305903,1.009211,-21.50506,-14.59007,-24.60685,998.8771
14.691427708,0.03493199,-0.1906098,-0.1661865,-0.0005262515,0.01114123,1.003846,-21.18407,-15.31292,-24.21503,998.8771
14.711244583,0.09616546,-0.1300971,0.01730092,-0.005832229,0.006256013,1.008677,-21.18407,-15.31292,-24.21503,998.8754
14.731060982,0.03493199,0.1119537,0.07846338,-0.003378758,0.003839833,1.011065,-21.4979,-14.94233,-23.84034,998.8754
14.750877857,0.1573989,-0.009071723,-0.105024,0.001419112,0.01408456,1.008677,-21.4979,-14.94233,-23.84034,998.8761
14.770694733,0.1573989,0.1119537,-0.04386155,0.002408629,0.008724048,1.004783,-21.4979,-14.94233,-23.84034,998.8761
14.790511131,0.2798659,0.1119537,-0.1661865,-0.006319089,0.00723086,1.010133,-21.86339,-15.32022,-24.21249,998.8784
14.810328007,0.1573989,-0.009071723,-0.04386155,0.001955578,0.004834337,1.008144,-21.86339,-15.32022,-24.21249,998.8784
14.832622051,0.03493199,-0.009071723,0.07846338,-0.004380307,0.008702872,1.010612,-21.18982,-14.94623,-24.22151,998.8807
14.852438450,-0.08753494,-0.1906098,-0.04386155,0.0009207509,0.01358457,1.004334,-21.18982,-14.94623,-24.22151,998.8807
14.872254849,-0.08753494,-0.009071723,-0.105024,0.004370851,0.006301836,1.005725,-21.18982,-14.94623,-24.22151,998.8829
14.892072201,0.09616546,0.1724664,-0.04386155,-0.005881348,0.01062076,1.001459,-20.82504,-14.57555,-24.22938,998.8829
14.911888600,0.09616546,0.05144098,-0.04386155,0.00192611,0.00774651,1.004298,-20.82504,-14.57555,-24.22938,998.8796
14.931704998,0.09616546,-0.2511225,-0.105024,-0.002443187,0.008707082,1.008188,-20.82504,-14.57555,-24.22938,998.8796
14.951522351,0.03493199,0.1119537,0.07846338,-0.001044241,0.01356044,0.9985521,-20.81928,-14.94224,-24.2229,998.8806
14.971338749,0.03493199,0.1119537,-0.2273489,-0.002942079,0.009184458,1.005297,-20.81928,-14.94224,-24.2229,998.8806
14.991155148,0.03493199,0.05144098,-0.1661865,-0.0009640378,0.004818064,1.007678,-21.86843,-14.94631,-23.83895,998.8829
15.010972023,-0.08753494,-0.06958443,-0.1661865,0.002390085,0.01115515,1.003348,-21.86843,-14.94631,-23.83895,998.8829
15.030788898,-0.08753494,-0.1300971,-0.04386155,0.003368726,0.009208975,1.001884,-21.86843,-14.94631,-23.83895,998.8818
15.050605297,0.09616546,-0.06958443,-0.105024,-0.002470506,0.009176429,1.000951,-21.19557,-14.57953,-24.22799,998.8818
15.070421696,-0.08753494,-0.1300971,-0.04386155,-0.0005268285,0.009185324,1.000457,-21.19557,-14.57953,-24.22799,998.8801
15.090238571,0.1573989,-0.009071723,0.01730092,-0.003412612,0.005771127,1.004317,-20.44804,-14.93104,-23.84427,998.8801
15.112532616,-0.02630147,0.1119537,-0.1661865,-0.006342043,0.007214455,1.003375,-20.44804,-14.93104,-23.84427,998.879
15.132349014,-0.08753494,0.05144098,0.07846338,-0.0009875461,0.004312391,0.9999524,-20.44804,-14.93104,-23.84427,998.879
15.152165413,0.09616546,-0.06958443,0.01730092,-0.005854052,0.008684777,1.006276,-21.18336,-15.30571,-23.83502,998.8796
15.171982765,0.03493199,-0.009071723,-0.1661865,-2.811197E-06,0.00774816,1.009135,-21.18336,-15.30571,-23.83502,998.8796
15.191799164,-0.1487684,-0.009071723,-0.1661865,0.0009518121,0.007740304,1.003821,-21.17832,-15.67962,-24.20855,998.8762
15.211615562,-0.08753494,-0.06958443,-0.105024,-0.00391095,0.006737771,1.002394,-21.17832,-15.67962,-24.20855,998.8762
15.231432915,-0.02630147,0.05144098,-0.04386155,-0.0009994868,0.00968145,1.005289,-21.17832,-15.67962,-24.20855,998.8771
15.251249313,-0.08753494,-0.009071723,-0.1661865,-0.006836525,0.01013934,1.005806,-21.18982,-14.94623,-24.22151,998.8771
15.271065712,-0.3937023,1.927335,-0.04386155,-0.02591114,0.003119953,0.9629164,-21.18982,-14.94623,-24.22151,998.8778
15.290883064,0.2186324,0.5960553,-0.105024,-0.008275397,0.003301961,1.00047,-20.44946,-14.94548,-24.60431,998.8778
15.310699463,-0.02630147,0.7775934,-0.04386155,-0.00100496,0.009188667,1.002874,-20.44946,-14.94548,-24.60431,998.8745
15.330515862,0.2186324,0.9591316,-0.105024,-0.00102355,0.008686509,0.9965962,-20.44946,-14.94548,-24.60431,998.8745
15.350333214,0.1573989,0.3540045,-0.105024,-0.00147547,0.007241967,1.004314,-21.49356,-15.32346,-24.59389,998.8751
15.372626782,0.2186324,0.5355426,-0.105024,-3.883638E-05,0.01065565,1.003358,-21.49356,-15.32346,-24.59389,998.8751
15.392443180,0.2798659,0.5355426,-0.105024,-0.004856912,0.001374224,1.001406,-21.18911,-14.93901,-23.8415,998.874
15.412259579,0.03493199,0.2329791,0.07846338,-0.002973717,0.01307282,1.002422,-21.18911,-14.93901,-23.8415,998.874
15.432076931,0.03493199,0.3540045,-0.04386155,-0.005338786,0.006752484,1.011573,-21.18911,-14.93901,-23.8415,998.8746
15.451893330,0.09616546,0.2329791,-0.105024,-0.0009935277,0.006263604,1.00141,-20.81999,-14.94946,-24.60292,998.8746
15.471709728,-0.08753494,0.05144098,-0.04386155,-0.001967781,0.009190664,1.005775,-20.81999,-14.94946,-24.60292,998.8771
15.491527081,-0.08753494,0.1119537,-0.04386155,-0.000491888,0.006765936,1.00672,-21.18982,-14.94623,-24.22151,998.8771
15.511343479,-0.02630147,0.05144098,0.01730092,-0.00244866,0.008214299,1.005773,-21.18982,-14.94623,-24.22151,998.8795
15.531159878,0.09616546,0.1724664,0.01730092,-0.00244649,0.007238105,1.004802,-21.18982,-14.94623,-24.22151,998.8795
15.550977230,5.668411,-0.009071723,0.1396258,0.04438712,-0.05890254,0.9380791,-21.19557,-14.57953,-24.22799,998.8778
15.570793629,0.03493199,-0.1300971,-0.105024,-0.004905409,0.01062813,1.00242,-21.19557,-14.57953,-24.22799,998.8778
15.590610027,0.03493199,-0.1300971,-0.2273489,-0.0009934597,0.0106635,1.008673,-21.18982,-14.94623,-24.22151,998.8784
15.610427380,-0.02630147,-0.009071723,-0.1661865,-0.004404878,0.01015193,1.005793,-21.18982,-14.94623,-24.22151,998.8784
15.630243778,0.03493199,0.2329791,0.1396258,-0.001935657,0.001391669,1.002356,-21.18982,-14.94623,-24.22151,998.879
15.652537346,-0.1487684,-0.1300971,0.07846338,-0.005338832,0.00381922,1.006731,-20.81424,-15.31616,-24.59644,998.879
15.672353745,0.09616546,-0.009071723,-0.105024,0.0004042864,0.008671796,0.9874175,-20.81424,-15.31616,-24.59644,998.8779
15.692171097,0.03493199,0.1724664,0.07846338,-0.005832297,0.001856115,1.001414,-21.20062,-14.20562,-23.85446,998.8779
15.711987496,0.1573989,0.1724664,-0.04386155,-0.007780757,0.0106435,1.014985,-21.20062,-14.20562,-23.85446,998.8789
15.731804848,0.03493199,-0.06958443,-0.04386155,-0.002466696,0.008201408,1.000463,-21.20062,-14.20562,-23.85446,998.8789
15.751621247,0.2186324,0.1724664,0.01730092,-0.002955728,0.01015245,1.002889,-21.18982,-14.94623,-24.22151,998.8812
15.771437645,0.09616546,0.05144098,-0.04386155,-0.003431179,0.006735601,1.000461,-21.18982,-14.94623,-24.22151,998.8812
15.791254997,0.09616546,0.1119537,0.07846338,-0.005370978,0.01015158,1.007729,-20.81858,-14.93503,-23.84288,998.8818
15.811071396,0.1573989,0.4750299,-0.1661865,-0.001525167,0.00965081,0.9937079,-20.81858,-14.93503,-23.84288,998.8818
15.830887795,0.5247998,1.019644,-0.2885114,-0.01019333,0.007222443,1.014981,-20.81858,-14.93503,-23.84288,998.8842
15.850704670,-0.08753494,-0.2511225,-0.04386155,-0.009771382,0.01402315,1.00729,-21.18911,-14.93901,-23.8415,998.8842
15.870521546,-0.08753494,-0.2511225,0.07846338,-0.002956836,0.009173912,1.000953,-21.18911,-14.93901,-23.8415,998.8865
15.890337944,-0.02630147,0.1119537,-0.105024,-0.0009902483,0.006265949,1.002376,-21.18407,-15.31292,-24.21503,998.8865
15.912631512,0.2798659,0.1119537,-0.04386155,-0.008301471,0.01354964,1.009693,-21.18407,-15.31292,-24.21503,998.8831
15.932448864,0.09616546,0.1724664,-0.04386155,-0.005850218,0.009176388,1.00821,-21.18407,-15.31292,-24.21503,998.8831
15.952265263,0.09616546,-0.009071723,-0.105024,-0.001013712,0.00869354,0.9994923,-20.80299,-15.98121,-24.20454,998.8854
15.972081661,0.2186324,0.1724664,-0.04386155,-0.001960138,0.008707255,1.00722,-20.80299,-15.98121,-24.20454,998.8854
15.991899014,0.09616546,0.2329791,-0.1661865,-0.005371001,0.008684949,1.005308,-21.49285,-15.31624,-24.21388,998.8863
16.011715412,-0.08753494,0.1724664,-0.04386155,-0.003957254,0.01648212,1.004858,-21.49285,-15.31624,-24.21388,998.8863
16.031532288,0.09616546,0.2329791,-0.04386155,-0.0034164,0.00821278,1.007226,-21.49285,-15.31624,-24.21388,998.8887
16.051349163,-0.02630147,-0.009071723,-0.105024,-0.005849156,0.007221659,1.005303,-20.81928,-14.94224,-24.2229,998.8887
16.071165562,0.03493199,0.1119537,-0.105024,-0.006809829,0.004780831,1.004813,-20.81928,-14.94224,-24.2229,998.8909
16.090982437,-0.02630147,0.2329791,-0.1661865,-0.004890676,0.009172047,1.004343,-20.81928,-14.94224,-24.2229,998.8909
16.110799313,-0.02630147,0.1119537,-0.1661865,-0.001943278,0.003341711,1.003331,-20.44875,-14.93826,-24.22429,998.8876
16.130615711,0.03493199,-0.009071723,-0.105024,-0.003441571,0.006239302,0.9965969,-20.44875,-14.93826,-24.22429,998.8876
16.150432587,-0.02630147,0.05144098,0.01730092,-0.004396195,0.006247158,1.001912,-21.18982,-14.94623,-24.22151,998.8881
16.170248985,0.09616546,0.2329791,-0.105024,0.001910291,0.009690693,1.00286,-21.18982,-14.94623,-24.22151,998.8881
16.192543030,-0.02630147,0.05144098,-0.04386155,-0.002924598,0.00870808,1.009639,-21.18982,-14.94623,-24.22151,998.8904
16.212359905,0.03493199,0.05144098,-0.1661865,-0.005389567,0.009649424,1.001452,-21.18982,-14.94623,-24.22151,998.8904
16.232176781,0.09616546,-0.1300971,-0.105024,-0.007829945,0.01060834,1.000505,-21.18982,-14.94623,-24.22151,998.8888
16.251993179,0.1573989,-0.06958443,0.01730092,0.0009436142,0.007734445,1.001407,-21.18407,-15.31292,-24.21503,998.8888
16.271810055,0.2186324,0.1119537,-0.1661865,0.001914124,0.0101823,1.004793,-21.18407,-15.31292,-24.21503,998.8914
16.291626930,0.09616546,0.05144098,0.01730092,-0.003432774,0.009667694,1.00482,-21.18407,-15.31292,-24.21503,998.8914
16.311443329,0.09616546,-0.009071723,-0.1661865,-0.004917949,0.01257466,1.001947,-21.18982,-14.94623,-24.22151,998.892
16.331260204,-0.08753494,0.05144098,-0.105024,-0.01023757,0.008657437,1.004369,-21.18982,-14.94623,-24.22151,998.892
16.351076603,0.03493199,0.05144098,-0.105024,-0.007341444,0.00963467,0.9995317,-21.87418,-14.57962,-23.84543,998.8943
16.370893955,0.03493199,0.05144098,0.01730092,-0.001992352,0.01063972,1.000956,-21.87418,-14.57962,-23.84543,998.8943
16.390710354,-0.08753494,-0.009071723,-0.04386155,-0.006844745,0.008666852,1.000972,-21.87418,-14.57962,-23.84543,998.895
16.410526753,-0.08753494,-0.009071723,0.01730092,-0.00537047,0.007707585,1.003855,-21.20203,-14.22005,-24.61449,998.895
16.430344105,-0.02630147,0.05144098,-0.105024,-0.004404855,0.01161856,1.008214,-21.20203,-14.22005,-24.61449,998.8915
16.452637673,0.03493199,0.05144098,-0.04386155,-0.003400072,0.0038246,1.00479,-21.50365,-14.57563,-23.84682,998.8915
16.472454548,-0.02630147,0.2329791,-0.04386155,-0.003939309,0.01062848,1.000484,-21.50365,-14.57563,-23.84682,998.8922
16.492271423,0.2798659,0.05144098,-0.1661865,-0.004414116,0.01356743,1.008707,-21.50365,-14.57563,-23.84682,998.8922
16.512087822,0.1573989,-0.06958443,-0.105024,-0.003428963,0.008692673,1.004332,-20.82504,-14.57555,-24.22938,998.8948
16.531904221,0.1573989,0.2329791,-0.1661865,-0.004880261,0.01113498,1.010628,-20.82504,-14.57555,-24.22938,998.8948
